line_number,utt_id,audio,text_raw,reason
1728,F04-Session2-headMic-0001,/F04/Session2/wav_headMic/0001.wav,SHOOT,speaker_excluded_by_protocol
1729,F04-Session2-headMic-0002,/F04/Session2/wav_headMic/0002.wav,I LOOKED UP AND NOTICED TWO OLD MEN,speaker_excluded_by_protocol
1730,F04-Session2-headMic-0003,/F04/Session2/wav_headMic/0003.wav,SLAY,speaker_excluded_by_protocol
1731,F04-Session2-headMic-0004,/F04/Session2/wav_headMic/0004.wav,WILL ROBIN WEAR A YELLOW LILY,speaker_excluded_by_protocol
1732,F04-Session2-headMic-0005,/F04/Session2/wav_headMic/0005.wav,I WAS CONSCIOUS ALL THE TIME,speaker_excluded_by_protocol
1733,F04-Session2-headMic-0006,/F04/Session2/wav_headMic/0006.wav,PRIOR,speaker_excluded_by_protocol
1734,F04-Session2-headMic-0007,/F04/Session2/wav_headMic/0007.wav,PLAY,speaker_excluded_by_protocol
1735,F04-Session2-headMic-0008,/F04/Session2/wav_headMic/0008.wav,BRIAR,speaker_excluded_by_protocol
1736,F04-Session2-headMic-0009,/F04/Session2/wav_headMic/0009.wav,HE WILL ALLOW A RARE LILYRARE LIE,speaker_excluded_by_protocol
1737,F04-Session2-headMic-0010,/F04/Session2/wav_headMic/0010.wav,SHEAR,speaker_excluded_by_protocol
1738,F04-Session2-headMic-0011,/F04/Session2/wav_headMic/0011.wav,SUIT,speaker_excluded_by_protocol
1739,F04-Session2-headMic-0013,/F04/Session2/wav_headMic/0013.wav,ALL THE BIG BASEBALL PLAYERS GET TRADED,speaker_excluded_by_protocol
1740,F04-Session2-headMic-0014,/F04/Session2/wav_headMic/0014.wav,THIS WAS EASY FOR US,speaker_excluded_by_protocol
1741,F04-Session2-headMic-0015,/F04/Session2/wav_headMic/0015.wav,FEAR,speaker_excluded_by_protocol
1742,F04-Session2-headMic-0016,/F04/Session2/wav_headMic/0016.wav,FEAR,speaker_excluded_by_protocol
1743,F04-Session2-headMic-0017,/F04/Session2/wav_headMic/0017.wav,SPRINKLE,speaker_excluded_by_protocol
1744,F04-Session2-headMic-0018,/F04/Session2/wav_headMic/0018.wav,SNOOP,speaker_excluded_by_protocol
1745,F04-Session2-headMic-0019,/F04/Session2/wav_headMic/0019.wav,I SCRUBBED THE FLOORS THOROUGHLY,speaker_excluded_by_protocol
1746,F04-Session2-headMic-0020,/F04/Session2/wav_headMic/0020.wav,BOOT,speaker_excluded_by_protocol
1747,F04-Session2-headMic-0021,/F04/Session2/wav_headMic/0021.wav,BOOT,speaker_excluded_by_protocol
1748,F04-Session2-headMic-0022,/F04/Session2/wav_headMic/0022.wav,ROCKS,speaker_excluded_by_protocol
1749,F04-Session2-headMic-0023,/F04/Session2/wav_headMic/0023.wav,WITCH,speaker_excluded_by_protocol
1750,F04-Session2-headMic-0024,/F04/Session2/wav_headMic/0024.wav,THOUGH,speaker_excluded_by_protocol
1751,F04-Session2-headMic-0026,/F04/Session2/wav_headMic/0026.wav,THOUGH,speaker_excluded_by_protocol
1752,F04-Session2-headMic-0027,/F04/Session2/wav_headMic/0027.wav,GALORE,speaker_excluded_by_protocol
1753,F04-Session2-headMic-0028,/F04/Session2/wav_headMic/0028.wav,I TRIED TO TELL PEOPLE IN THE COMMUNITY,speaker_excluded_by_protocol
1754,F04-Session2-headMic-0029,/F04/Session2/wav_headMic/0029.wav,GNAW,speaker_excluded_by_protocol
1755,F04-Session2-headMic-0030,/F04/Session2/wav_headMic/0030.wav,CYCLE,speaker_excluded_by_protocol
1756,F04-Session2-headMic-0031,/F04/Session2/wav_headMic/0031.wav,DELTA,speaker_excluded_by_protocol
1757,F04-Session2-headMic-0032,/F04/Session2/wav_headMic/0032.wav,SHE IS THINNER THAN I AM,speaker_excluded_by_protocol
1758,F04-Session2-headMic-0033,/F04/Session2/wav_headMic/0033.wav,BEAR,speaker_excluded_by_protocol
1759,F04-Session2-headMic-0034,/F04/Session2/wav_headMic/0034.wav,ERROR,speaker_excluded_by_protocol
1760,F04-Session2-headMic-0035,/F04/Session2/wav_headMic/0035.wav,JUNGLE,speaker_excluded_by_protocol
1761,F04-Session2-headMic-0036,/F04/Session2/wav_headMic/0036.wav,NOTHING IS AS OFFENSIVE AS INNOCENCE,speaker_excluded_by_protocol
1762,F04-Session2-headMic-0037,/F04/Session2/wav_headMic/0037.wav,MENU,speaker_excluded_by_protocol
1763,F04-Session2-headMic-0038,/F04/Session2/wav_headMic/0038.wav,PEER,speaker_excluded_by_protocol
1764,F04-Session2-headMic-0039,/F04/Session2/wav_headMic/0039.wav,LIP,speaker_excluded_by_protocol
1765,F04-Session2-headMic-0040,/F04/Session2/wav_headMic/0040.wav,DOT,speaker_excluded_by_protocol
1766,F04-Session2-headMic-0041,/F04/Session2/wav_headMic/0041.wav,WE GATHERED SHELLS ON THE BEACH,speaker_excluded_by_protocol
1767,F04-Session2-headMic-0042,/F04/Session2/wav_headMic/0042.wav,I FEEL I CAN PLAY THIS WEEKEND,speaker_excluded_by_protocol
1768,F04-Session2-headMic-0043,/F04/Session2/wav_headMic/0043.wav,TIE,speaker_excluded_by_protocol
1769,F04-Session2-headMic-0044,/F04/Session2/wav_headMic/0044.wav,TIE,speaker_excluded_by_protocol
1770,F04-Session2-headMic-0045,/F04/Session2/wav_headMic/0045.wav,SIGH,speaker_excluded_by_protocol
1771,F04-Session2-headMic-0046,/F04/Session2/wav_headMic/0046.wav,MERE,speaker_excluded_by_protocol
1772,F04-Session2-headMic-0047,/F04/Session2/wav_headMic/0047.wav,EVERYTHING WENT REAL SMOOTH THE SHERIFF SAID,speaker_excluded_by_protocol
1773,F04-Session2-headMic-0048,/F04/Session2/wav_headMic/0048.wav,PAD,speaker_excluded_by_protocol
1774,F04-Session2-headMic-0049,/F04/Session2/wav_headMic/0049.wav,SIGH,speaker_excluded_by_protocol
1775,F04-Session2-headMic-0050,/F04/Session2/wav_headMic/0050.wav,SIGH,speaker_excluded_by_protocol
1776,F04-Session2-headMic-0051,/F04/Session2/wav_headMic/0051.wav,SIDE,speaker_excluded_by_protocol
1777,F04-Session2-headMic-0052,/F04/Session2/wav_headMic/0052.wav,THEIR HOUSE IS GREY AND WHITE,speaker_excluded_by_protocol
1778,F04-Session2-headMic-0053,/F04/Session2/wav_headMic/0053.wav,ARE YOUR GRADES HIGHER OR LOWER THAN NANCY'S,speaker_excluded_by_protocol
1779,F04-Session2-headMic-0054,/F04/Session2/wav_headMic/0054.wav,URGENT,speaker_excluded_by_protocol
1780,F04-Session2-headMic-0055,/F04/Session2/wav_headMic/0055.wav,THE HUMIDITY IS OVERWHELMING THERE,speaker_excluded_by_protocol
1781,F04-Session2-headMic-0056,/F04/Session2/wav_headMic/0056.wav,EXPLORE,speaker_excluded_by_protocol
1782,F04-Session2-headMic-0057,/F04/Session2/wav_headMic/0057.wav,THEY CARRIED ME OFF ON THE STRETCHER,speaker_excluded_by_protocol
1783,F04-Session2-headMic-0058,/F04/Session2/wav_headMic/0058.wav,ONE VALIDATED ACTS OF SCHOOL DISTRICTS,speaker_excluded_by_protocol
1784,F04-Session2-headMic-0059,/F04/Session2/wav_headMic/0059.wav,LOOP,speaker_excluded_by_protocol
1785,F04-Session2-headMic-0060,/F04/Session2/wav_headMic/0060.wav,YES,speaker_excluded_by_protocol
1786,F04-Session2-headMic-0061,/F04/Session2/wav_headMic/0061.wav,FLOOR,speaker_excluded_by_protocol
1787,F04-Session2-headMic-0062,/F04/Session2/wav_headMic/0062.wav,JANE MAY EARN MORE MONEY BY WORKING HARD,speaker_excluded_by_protocol
1788,F04-Session2-headMic-0063,/F04/Session2/wav_headMic/0063.wav,BACK,speaker_excluded_by_protocol
1789,F04-Session2-headMic-0064,/F04/Session2/wav_headMic/0064.wav,SIGH,speaker_excluded_by_protocol
1790,F04-Session2-headMic-0065,/F04/Session2/wav_headMic/0065.wav,WRITE,speaker_excluded_by_protocol
1791,F04-Session2-headMic-0066,/F04/Session2/wav_headMic/0066.wav,WRITE,speaker_excluded_by_protocol
1792,F04-Session2-headMic-0067,/F04/Session2/wav_headMic/0067.wav,FOUR,speaker_excluded_by_protocol
1793,F04-Session2-headMic-0069,/F04/Session2/wav_headMic/0069.wav,FRUIT,speaker_excluded_by_protocol
1794,F04-Session2-headMic-0070,/F04/Session2/wav_headMic/0070.wav,WITCH,speaker_excluded_by_protocol
1795,F04-Session2-headMic-0071,/F04/Session2/wav_headMic/0071.wav,HIM,speaker_excluded_by_protocol
1796,F04-Session2-headMic-0072,/F04/Session2/wav_headMic/0072.wav,NIGHT AFTER NIGHT THEY RECEIVED ANNOYING PHONE CALLS,speaker_excluded_by_protocol
1797,F04-Session2-headMic-0073,/F04/Session2/wav_headMic/0073.wav,AND,speaker_excluded_by_protocol
1798,F04-Session2-headMic-0074,/F04/Session2/wav_headMic/0074.wav,SPARK,speaker_excluded_by_protocol
1799,F04-Session2-headMic-0075,/F04/Session2/wav_headMic/0075.wav,HEM,speaker_excluded_by_protocol
1800,F04-Session2-headMic-0076,/F04/Session2/wav_headMic/0076.wav,SEEDS,speaker_excluded_by_protocol
1801,F04-Session2-headMic-0077,/F04/Session2/wav_headMic/0077.wav,SIGN,speaker_excluded_by_protocol
1802,F04-Session2-headMic-0078,/F04/Session2/wav_headMic/0078.wav,NOVEMBER,speaker_excluded_by_protocol
1803,F04-Session2-headMic-0079,/F04/Session2/wav_headMic/0079.wav,ALFALFA IS HEALTHY FOR YOU,speaker_excluded_by_protocol
1804,F04-Session2-headMic-0080,/F04/Session2/wav_headMic/0080.wav,MUSH,speaker_excluded_by_protocol
1805,F04-Session2-headMic-0081,/F04/Session2/wav_headMic/0081.wav,OSCAR,speaker_excluded_by_protocol
1806,F04-Session2-headMic-0082,/F04/Session2/wav_headMic/0082.wav,SELL,speaker_excluded_by_protocol
1807,F04-Session2-headMic-0083,/F04/Session2/wav_headMic/0083.wav,THE MISGUIDED SOULS HAVE LOST THEIR WAY,speaker_excluded_by_protocol
1808,F04-Session2-headMic-0084,/F04/Session2/wav_headMic/0084.wav,FIVE,speaker_excluded_by_protocol
1809,F04-Session2-headMic-0085,/F04/Session2/wav_headMic/0085.wav,IF YOU ARE LOSING WATER REPLACE IT IMMEDIATELY,speaker_excluded_by_protocol
1810,F04-Session2-headMic-0086,/F04/Session2/wav_headMic/0086.wav,HILL,speaker_excluded_by_protocol
1811,F04-Session2-headMic-0087,/F04/Session2/wav_headMic/0087.wav,FITTING,speaker_excluded_by_protocol
1812,F04-Session2-headMic-0088,/F04/Session2/wav_headMic/0088.wav,SWING YOUR ARM AS HIGH AS YOU CAN,speaker_excluded_by_protocol
1813,F04-Session2-headMic-0089,/F04/Session2/wav_headMic/0089.wav,PIT,speaker_excluded_by_protocol
1814,F04-Session2-headMic-0090,/F04/Session2/wav_headMic/0090.wav,ZERO,speaker_excluded_by_protocol
1815,F04-Session2-headMic-0091,/F04/Session2/wav_headMic/0091.wav,MUCH,speaker_excluded_by_protocol
1816,F04-Session2-headMic-0092,/F04/Session2/wav_headMic/0092.wav,FAT,speaker_excluded_by_protocol
1817,F04-Session2-headMic-0093,/F04/Session2/wav_headMic/0093.wav,THOUGHT,speaker_excluded_by_protocol
1818,F04-Session2-headMic-0094,/F04/Session2/wav_headMic/0094.wav,DARN,speaker_excluded_by_protocol
1819,F04-Session2-headMic-0095,/F04/Session2/wav_headMic/0095.wav,GOLF,speaker_excluded_by_protocol
1820,F04-Session2-headMic-0096,/F04/Session2/wav_headMic/0096.wav,I EXPECT WE'LL BOUNCE BACK THIS WEEK,speaker_excluded_by_protocol
1821,F04-Session2-headMic-0097,/F04/Session2/wav_headMic/0097.wav,SPIT,speaker_excluded_by_protocol
1822,F04-Session2-headMic-0098,/F04/Session2/wav_headMic/0098.wav,MITTEN,speaker_excluded_by_protocol
1823,F04-Session2-headMic-0099,/F04/Session2/wav_headMic/0099.wav,DARK,speaker_excluded_by_protocol
1824,F04-Session2-headMic-0100,/F04/Session2/wav_headMic/0100.wav,SIX,speaker_excluded_by_protocol
1825,F04-Session2-headMic-0101,/F04/Session2/wav_headMic/0101.wav,WHEN ALL ELSE FAILS USE FORCE,speaker_excluded_by_protocol
1826,F04-Session2-headMic-0102,/F04/Session2/wav_headMic/0102.wav,BROUGHT,speaker_excluded_by_protocol
1827,F04-Session2-headMic-0103,/F04/Session2/wav_headMic/0103.wav,ALIMONY HARMS A DIVORCED MAN'S WEALTH,speaker_excluded_by_protocol
1828,F04-Session2-headMic-0104,/F04/Session2/wav_headMic/0104.wav,PIT,speaker_excluded_by_protocol
1829,F04-Session2-headMic-0105,/F04/Session2/wav_headMic/0105.wav,HAT,speaker_excluded_by_protocol
1830,F04-Session2-headMic-0106,/F04/Session2/wav_headMic/0106.wav,SEED,speaker_excluded_by_protocol
1831,F04-Session2-headMic-0107,/F04/Session2/wav_headMic/0107.wav,SERGEANT,speaker_excluded_by_protocol
1832,F04-Session2-headMic-0108,/F04/Session2/wav_headMic/0108.wav,CARL LIVES IN A LOVELY HOME,speaker_excluded_by_protocol
1833,F04-Session2-headMic-0109,/F04/Session2/wav_headMic/0109.wav,CARL LIVES IN A LIVELY HOME,speaker_excluded_by_protocol
1834,F04-Session2-headMic-0110,/F04/Session2/wav_headMic/0110.wav,DART,speaker_excluded_by_protocol
1835,F04-Session2-headMic-0111,/F04/Session2/wav_headMic/0111.wav,HUM,speaker_excluded_by_protocol
1836,F04-Session2-headMic-0112,/F04/Session2/wav_headMic/0112.wav,PITTING,speaker_excluded_by_protocol
1837,F04-Session2-headMic-0113,/F04/Session2/wav_headMic/0113.wav,SIDE,speaker_excluded_by_protocol
1838,F04-Session2-headMic-0114,/F04/Session2/wav_headMic/0114.wav,REEK,speaker_excluded_by_protocol
1839,F04-Session2-headMic-0115,/F04/Session2/wav_headMic/0115.wav,IT ALSO PROVIDES FOR FUNDS TO CLEAR SLUMS AND HELP COLLEGES BUILD DORMITORIES,speaker_excluded_by_protocol
1840,F04-Session2-headMic-0116,/F04/Session2/wav_headMic/0116.wav,PART,speaker_excluded_by_protocol
1841,F04-Session2-headMic-0117,/F04/Session2/wav_headMic/0117.wav,BLOAT,speaker_excluded_by_protocol
1842,F04-Session2-headMic-0118,/F04/Session2/wav_headMic/0118.wav,IT WAS A GOOD WIN FOR US,speaker_excluded_by_protocol
1843,F04-Session2-headMic-0119,/F04/Session2/wav_headMic/0119.wav,NOTHING HAS BEEN DONE YET TO TAKE ADVANTAGE OF THE ENABLING LEGISLATION,speaker_excluded_by_protocol
1844,F04-Session2-headMic-0120,/F04/Session2/wav_headMic/0120.wav,ALUMINUM SILVERWARE CAN OFTEN BE FLIMSY,speaker_excluded_by_protocol
1845,F04-Session2-headMic-0121,/F04/Session2/wav_headMic/0121.wav,SHY,speaker_excluded_by_protocol
1846,F04-Session2-headMic-0122,/F04/Session2/wav_headMic/0122.wav,LAIR,speaker_excluded_by_protocol
1847,F04-Session2-headMic-0123,/F04/Session2/wav_headMic/0123.wav,CAKE,speaker_excluded_by_protocol
1848,F04-Session2-headMic-0124,/F04/Session2/wav_headMic/0124.wav,HITTING,speaker_excluded_by_protocol
1849,F04-Session2-headMic-0125,/F04/Session2/wav_headMic/0125.wav,CITY,speaker_excluded_by_protocol
1850,F04-Session2-headMic-0126,/F04/Session2/wav_headMic/0126.wav,THIS IS A PERIOD OF TRANSITION FOR ME,speaker_excluded_by_protocol
1851,F04-Session2-headMic-0127,/F04/Session2/wav_headMic/0127.wav,THERE IS A TREEHOUSE UP ABOVE,speaker_excluded_by_protocol
1852,F04-Session2-headMic-0128,/F04/Session2/wav_headMic/0128.wav,THE DOLPHINS SWAM AROUND OUR BOAT,speaker_excluded_by_protocol
1853,F04-Session2-headMic-0130,/F04/Session2/wav_headMic/0130.wav,PAPA,speaker_excluded_by_protocol
1854,F04-Session2-headMic-0131,/F04/Session2/wav_headMic/0131.wav,BRAN,speaker_excluded_by_protocol
1855,F04-Session2-headMic-0132,/F04/Session2/wav_headMic/0132.wav,BRAWN,speaker_excluded_by_protocol
1856,F04-Session2-headMic-0133,/F04/Session2/wav_headMic/0133.wav,PRETTY,speaker_excluded_by_protocol
1857,F04-Session2-headMic-0134,/F04/Session2/wav_headMic/0134.wav,WITTY,speaker_excluded_by_protocol
1858,F04-Session2-headMic-0135,/F04/Session2/wav_headMic/0135.wav,TELL,speaker_excluded_by_protocol
1859,F04-Session2-headMic-0136,/F04/Session2/wav_headMic/0136.wav,NINE,speaker_excluded_by_protocol
1860,F04-Session2-headMic-0137,/F04/Session2/wav_headMic/0137.wav,WRITTEN,speaker_excluded_by_protocol
1861,F04-Session2-headMic-0138,/F04/Session2/wav_headMic/0138.wav,HOTEL,speaker_excluded_by_protocol
1862,F04-Session2-headMic-0139,/F04/Session2/wav_headMic/0139.wav,CART,speaker_excluded_by_protocol
1863,F04-Session2-headMic-0140,/F04/Session2/wav_headMic/0140.wav,THE BOX CONTAINED THREE SWEATERS,speaker_excluded_by_protocol
1864,F04-Session2-headMic-0141,/F04/Session2/wav_headMic/0141.wav,BITTEN,speaker_excluded_by_protocol
1865,F04-Session2-headMic-0142,/F04/Session2/wav_headMic/0142.wav,LICK,speaker_excluded_by_protocol
1866,F04-Session2-headMic-0143,/F04/Session2/wav_headMic/0143.wav,THIS IS NOT A PROGRAM OF SOCIALIZED MEDICINE,speaker_excluded_by_protocol
1867,F04-Session2-headMic-0144,/F04/Session2/wav_headMic/0144.wav,THIS IS NOT A PROGRAM OF SOCIALIZED MEDICINE,speaker_excluded_by_protocol
1868,F04-Session2-headMic-0145,/F04/Session2/wav_headMic/0145.wav,LEAGUE,speaker_excluded_by_protocol
1869,F04-Session2-headMic-0146,/F04/Session2/wav_headMic/0146.wav,AT,speaker_excluded_by_protocol
1870,F04-Session2-headMic-0147,/F04/Session2/wav_headMic/0147.wav,IT EVENTUALLY BECAME A RATHER PROUD CLAIM,speaker_excluded_by_protocol
1871,F04-Session2-headMic-0148,/F04/Session2/wav_headMic/0148.wav,THE LITTLE SCHOOLHOUSE STOOD EMPTY,speaker_excluded_by_protocol
1872,F04-Session2-headMic-0149,/F04/Session2/wav_headMic/0149.wav,STUDENTS WATCHED AS HE GOT OUT,speaker_excluded_by_protocol
1873,F04-Session2-headMic-0150,/F04/Session2/wav_headMic/0150.wav,TAKE,speaker_excluded_by_protocol
1874,F04-Session2-headMic-0151,/F04/Session2/wav_headMic/0151.wav,KITTEN,speaker_excluded_by_protocol
1875,F04-Session2-headMic-0152,/F04/Session2/wav_headMic/0152.wav,SITTING,speaker_excluded_by_protocol
1876,F04-Session2-headMic-0153,/F04/Session2/wav_headMic/0153.wav,NO,speaker_excluded_by_protocol
1877,F04-Session2-headMic-0154,/F04/Session2/wav_headMic/0154.wav,RICH,speaker_excluded_by_protocol
1878,F04-Session2-headMic-0155,/F04/Session2/wav_headMic/0155.wav,SEVEN,speaker_excluded_by_protocol
1879,F04-Session2-headMic-0156,/F04/Session2/wav_headMic/0156.wav,LEAK,speaker_excluded_by_protocol
1880,F04-Session2-headMic-0157,/F04/Session2/wav_headMic/0157.wav,BOTH INJURIES WERE TO THE SAME LEG,speaker_excluded_by_protocol
1881,F04-Session2-headMic-0158,/F04/Session2/wav_headMic/0158.wav,HARK,speaker_excluded_by_protocol
1882,F04-Session2-headMic-0159,/F04/Session2/wav_headMic/0159.wav,THE JOB PROVIDES MANY BENEFITS,speaker_excluded_by_protocol
1883,F04-Session2-headMic-0160,/F04/Session2/wav_headMic/0160.wav,HIM,speaker_excluded_by_protocol
1884,F04-Session2-headMic-0162,/F04/Session2/wav_headMic/0162.wav,THE MUSEUM HIRES MUSICIANS EVERY EVENING,speaker_excluded_by_protocol
1885,F04-Session2-headMic-0163,/F04/Session2/wav_headMic/0163.wav,EIGHT,speaker_excluded_by_protocol
1886,F04-Session2-headMic-0164,/F04/Session2/wav_headMic/0164.wav,ECHO,speaker_excluded_by_protocol
1887,F04-Session2-headMic-0166,/F04/Session2/wav_headMic/0166.wav,TOP,speaker_excluded_by_protocol
1888,F04-Session2-headMic-0167,/F04/Session2/wav_headMic/0167.wav,QUEBEC,speaker_excluded_by_protocol
1889,F04-Session2-headMic-0168,/F04/Session2/wav_headMic/0168.wav,MIKE,speaker_excluded_by_protocol
1890,F04-Session2-headMic-0169,/F04/Session2/wav_headMic/0169.wav,LIMA,speaker_excluded_by_protocol
1891,F04-Session2-headMic-0170,/F04/Session2/wav_headMic/0170.wav,SHE WORE WARM FLEECY WOOLEN OVERALLS,speaker_excluded_by_protocol
1892,F04-Session2-headMic-0171,/F04/Session2/wav_headMic/0171.wav,VAT,speaker_excluded_by_protocol
1893,F04-Session2-headMic-0172,/F04/Session2/wav_headMic/0172.wav,BEFORE THURSDAY'S EXAM REVIEW EVERY FORMULA,speaker_excluded_by_protocol
1894,F04-Session2-headMic-0173,/F04/Session2/wav_headMic/0173.wav,YES,speaker_excluded_by_protocol
1895,F04-Session2-headMic-0174,/F04/Session2/wav_headMic/0174.wav,BLOW,speaker_excluded_by_protocol
1896,F04-Session2-headMic-0175,/F04/Session2/wav_headMic/0175.wav,SIGH,speaker_excluded_by_protocol
1897,F04-Session2-headMic-0176,/F04/Session2/wav_headMic/0176.wav,I HAVE HAD MY BELL RUNG,speaker_excluded_by_protocol
1898,F04-Session2-headMic-0177,/F04/Session2/wav_headMic/0177.wav,DAY AFTER DAY SOME NEW EPISODE IS REPORTED,speaker_excluded_by_protocol
1899,F04-Session2-headMic-0178,/F04/Session2/wav_headMic/0178.wav,HEART,speaker_excluded_by_protocol
1900,F04-Session2-headMic-0179,/F04/Session2/wav_headMic/0179.wav,KILO,speaker_excluded_by_protocol
1901,F04-Session2-headMic-0180,/F04/Session2/wav_headMic/0180.wav,KILO,speaker_excluded_by_protocol
1902,F04-Session2-headMic-0181,/F04/Session2/wav_headMic/0181.wav,KNITTING,speaker_excluded_by_protocol
1903,F04-Session2-headMic-0182,/F04/Session2/wav_headMic/0182.wav,FOXTROT,speaker_excluded_by_protocol
1904,F04-Session2-headMic-0183,/F04/Session2/wav_headMic/0183.wav,HE FURTHER PROPOSED GRANTS OF AN UNSPECIFIED SUM FOR EXPERIMENTAL HOSPITALS,speaker_excluded_by_protocol
1905,F04-Session2-headMic-0184,/F04/Session2/wav_headMic/0184.wav,LEAK,speaker_excluded_by_protocol
1906,F04-Session2-headMic-0185,/F04/Session2/wav_headMic/0185.wav,SPAIN,speaker_excluded_by_protocol
1907,F04-Session2-headMic-0186,/F04/Session2/wav_headMic/0186.wav,FILL,speaker_excluded_by_protocol
1908,F04-Session2-headMic-0187,/F04/Session2/wav_headMic/0187.wav,FAT,speaker_excluded_by_protocol
1909,F04-Session2-headMic-0188,/F04/Session2/wav_headMic/0188.wav,FAT,speaker_excluded_by_protocol
1910,F04-Session2-headMic-0189,/F04/Session2/wav_headMic/0189.wav,LOYAL,speaker_excluded_by_protocol
1911,F04-Session2-headMic-0190,/F04/Session2/wav_headMic/0190.wav,BARN,speaker_excluded_by_protocol
1912,F04-Session2-headMic-0191,/F04/Session2/wav_headMic/0191.wav,BITE,speaker_excluded_by_protocol
1913,F04-Session2-headMic-0192,/F04/Session2/wav_headMic/0192.wav,BIT,speaker_excluded_by_protocol
1914,F04-Session2-headMic-0193,/F04/Session2/wav_headMic/0193.wav,A ROLL OF WIRE LAY NEAR THE WALL,speaker_excluded_by_protocol
1915,F04-Session2-headMic-0194,/F04/Session2/wav_headMic/0194.wav,THORN,speaker_excluded_by_protocol
1916,F04-Session2-headMic-0195,/F04/Session2/wav_headMic/0195.wav,THORN,speaker_excluded_by_protocol
1917,F04-Session2-headMic-0196,/F04/Session2/wav_headMic/0196.wav,LEAK,speaker_excluded_by_protocol
1918,F04-Session2-headMic-0197,/F04/Session2/wav_headMic/0197.wav,AT,speaker_excluded_by_protocol
1919,F04-Session2-headMic-0198,/F04/Session2/wav_headMic/0198.wav,HARM,speaker_excluded_by_protocol
1920,F04-Session2-headMic-0199,/F04/Session2/wav_headMic/0199.wav,HARP,speaker_excluded_by_protocol
1921,F04-Session2-headMic-0200,/F04/Session2/wav_headMic/0200.wav,HE WRAPPED THE PACKAGE HASTILY,speaker_excluded_by_protocol
1922,F04-Session2-headMic-0201,/F04/Session2/wav_headMic/0201.wav,CHOP,speaker_excluded_by_protocol
1923,F04-Session2-headMic-0202,/F04/Session2/wav_headMic/0202.wav,START,speaker_excluded_by_protocol
1924,F04-Session2-headMic-0203,/F04/Session2/wav_headMic/0203.wav,WE RODE HORSEBACK TO THE FARM,speaker_excluded_by_protocol
1925,F04-Session2-headMic-0204,/F04/Session2/wav_headMic/0204.wav,JULIET,speaker_excluded_by_protocol
1926,F04-Session2-headMic-0205,/F04/Session2/wav_headMic/0205.wav,PARK,speaker_excluded_by_protocol
1927,F04-Session2-headMic-0206,/F04/Session2/wav_headMic/0206.wav,THE BOOKS ARE VERY EXPENSIVE,speaker_excluded_by_protocol
1928,F04-Session2-headMic-0207,/F04/Session2/wav_headMic/0207.wav,DID DAD DO ACADEMIC BIDDING,speaker_excluded_by_protocol
1929,F04-Session2-headMic-0208,/F04/Session2/wav_headMic/0208.wav,A GOOD ATTITUDE IS UNBEATABLE,speaker_excluded_by_protocol
1930,F04-Session2-headMic-0209,/F04/Session2/wav_headMic/0209.wav,DREAD,speaker_excluded_by_protocol
1931,F04-Session2-headMic-0210,/F04/Session2/wav_headMic/0210.wav,SHELL,speaker_excluded_by_protocol
1932,F04-Session2-headMic-0211,/F04/Session2/wav_headMic/0211.wav,SIN,speaker_excluded_by_protocol
1933,F04-Session2-headMic-0212,/F04/Session2/wav_headMic/0212.wav,KNOT,speaker_excluded_by_protocol
1934,F04-Session2-headMic-0213,/F04/Session2/wav_headMic/0213.wav,TICKER,speaker_excluded_by_protocol
1935,F04-Session2-headMic-0214,/F04/Session2/wav_headMic/0214.wav,THE PROSPECT OF CUTTING BACK SPENDING IS AN UNPLEASANT ONE FOR ANY GOVERNOR,speaker_excluded_by_protocol
1936,F04-Session2-headMic-0215,/F04/Session2/wav_headMic/0215.wav,EACH ONE VOLUNTEERED TO JUMP FIRST,speaker_excluded_by_protocol
1937,F04-Session2-headMic-0216,/F04/Session2/wav_headMic/0216.wav,UNIFORM,speaker_excluded_by_protocol
1938,F04-Session2-headMic-0217,/F04/Session2/wav_headMic/0217.wav,THE HOTEL OWNER SHRUGGED,speaker_excluded_by_protocol
1939,F04-Session2-headMic-0218,/F04/Session2/wav_headMic/0218.wav,TIN,speaker_excluded_by_protocol
1940,F04-Session2-headMic-0219,/F04/Session2/wav_headMic/0219.wav,WICKED,speaker_excluded_by_protocol
1941,F04-Session2-headMic-0220,/F04/Session2/wav_headMic/0220.wav,THE PAIR OF SHOES WAS NEW,speaker_excluded_by_protocol
1942,F04-Session2-headMic-0221,/F04/Session2/wav_headMic/0221.wav,NO,speaker_excluded_by_protocol
1943,F04-Session2-headMic-0222,/F04/Session2/wav_headMic/0222.wav,ZIP,speaker_excluded_by_protocol
1944,F04-Session2-headMic-0223,/F04/Session2/wav_headMic/0223.wav,HE REALLY CRUCIFIED HIM HE NAILED IT FOR A YARD LOSS,speaker_excluded_by_protocol
1945,F04-Session2-headMic-0224,/F04/Session2/wav_headMic/0224.wav,SHEET,speaker_excluded_by_protocol
1946,F04-Session2-headMic-0225,/F04/Session2/wav_headMic/0225.wav,TWO,speaker_excluded_by_protocol
1947,F04-Session2-headMic-0226,/F04/Session2/wav_headMic/0226.wav,SLICKER,speaker_excluded_by_protocol
1948,F04-Session2-headMic-0227,/F04/Session2/wav_headMic/0227.wav,PEOPLE WHO VALUE THEMSELVES ARE LIFE'S WINNERS,speaker_excluded_by_protocol
1949,F04-Session2-headMic-0228,/F04/Session2/wav_headMic/0228.wav,THE OWNERS REGULARLY LOOK FOR PLUMBING LEAKS,speaker_excluded_by_protocol
1950,F04-Session2-headMic-0229,/F04/Session2/wav_headMic/0229.wav,NEST,speaker_excluded_by_protocol
1951,F04-Session2-headMic-0230,/F04/Session2/wav_headMic/0230.wav,AND,speaker_excluded_by_protocol
1952,F04-Session2-headMic-0231,/F04/Session2/wav_headMic/0231.wav,SIP,speaker_excluded_by_protocol
1953,F04-Session2-headMic-0232,/F04/Session2/wav_headMic/0232.wav,X-RAY,speaker_excluded_by_protocol
1954,F04-Session2-headMic-0233,/F04/Session2/wav_headMic/0233.wav,LOCK,speaker_excluded_by_protocol
1955,F04-Session2-headMic-0234,/F04/Session2/wav_headMic/0234.wav,SAND,speaker_excluded_by_protocol
1956,F04-Session2-headMic-0235,/F04/Session2/wav_headMic/0235.wav,HIM,speaker_excluded_by_protocol
1957,F04-Session2-headMic-0236,/F04/Session2/wav_headMic/0236.wav,HIM,speaker_excluded_by_protocol
1958,F04-Session2-headMic-0237,/F04/Session2/wav_headMic/0237.wav,BITTER,speaker_excluded_by_protocol
1959,F04-Session2-headMic-0238,/F04/Session2/wav_headMic/0238.wav,HAM,speaker_excluded_by_protocol
1960,F04-Session2-headMic-0239,/F04/Session2/wav_headMic/0239.wav,KNOT,speaker_excluded_by_protocol
1961,F04-Session2-headMic-0240,/F04/Session2/wav_headMic/0240.wav,RIGHT,speaker_excluded_by_protocol
1962,F04-Session2-headMic-0241,/F04/Session2/wav_headMic/0241.wav,I'M WILLING TO EXPERIMENT FOR THE FIRST TIME,speaker_excluded_by_protocol
1963,F04-Session2-headMic-0242,/F04/Session2/wav_headMic/0242.wav,WITCH,speaker_excluded_by_protocol
1964,F04-Session2-headMic-0243,/F04/Session2/wav_headMic/0243.wav,ALTHOUGH ALWAYS ALONE WE SURVIVE,speaker_excluded_by_protocol
1965,F04-Session2-headMic-0244,/F04/Session2/wav_headMic/0244.wav,WE HAVE AN EXCELLENT TEAM,speaker_excluded_by_protocol
1966,F04-Session2-headMic-0245,/F04/Session2/wav_headMic/0245.wav,NUT,speaker_excluded_by_protocol
1967,F04-Session2-headMic-0246,/F04/Session2/wav_headMic/0246.wav,SELL,speaker_excluded_by_protocol
1968,F04-Session2-headMic-0247,/F04/Session2/wav_headMic/0247.wav,PLEASE OPEN THE WINDOW QUICKLY,speaker_excluded_by_protocol
1969,F04-Session2-headMic-0248,/F04/Session2/wav_headMic/0248.wav,HE IS DEFINITELY A NOTCH ABOVE US,speaker_excluded_by_protocol
1970,F04-Session2-headMic-0249,/F04/Session2/wav_headMic/0249.wav,SIN,speaker_excluded_by_protocol
1971,F04-Session2-headMic-0250,/F04/Session2/wav_headMic/0250.wav,VICTOR,speaker_excluded_by_protocol
8254,M03-Session2-headMic-0002,/M03/Session2/wav_headMic/0002.wav,NOW,speaker_excluded_by_protocol
8255,M03-Session2-headMic-0003,/M03/Session2/wav_headMic/0003.wav,KNOW,speaker_excluded_by_protocol
8256,M03-Session2-headMic-0004,/M03/Session2/wav_headMic/0004.wav,FARM,speaker_excluded_by_protocol
8257,M03-Session2-headMic-0005,/M03/Session2/wav_headMic/0005.wav,RAIN,speaker_excluded_by_protocol
8258,M03-Session2-headMic-0006,/M03/Session2/wav_headMic/0006.wav,GADGET,speaker_excluded_by_protocol
8259,M03-Session2-headMic-0007,/M03/Session2/wav_headMic/0007.wav,RACE,speaker_excluded_by_protocol
8260,M03-Session2-headMic-0009,/M03/Session2/wav_headMic/0009.wav,SHIP,speaker_excluded_by_protocol
8261,M03-Session2-headMic-0010,/M03/Session2/wav_headMic/0010.wav,AIR,speaker_excluded_by_protocol
8262,M03-Session2-headMic-0011,/M03/Session2/wav_headMic/0011.wav,TIP,speaker_excluded_by_protocol
8263,M03-Session2-headMic-0013,/M03/Session2/wav_headMic/0013.wav,WELL HE IS NEARLY NINETY-THREE YEARS OLD,speaker_excluded_by_protocol
8264,M03-Session2-headMic-0014,/M03/Session2/wav_headMic/0014.wav,WELL HE IS NEARLY NINETY-THREE YEARS OLD,speaker_excluded_by_protocol
8265,M03-Session2-headMic-0015,/M03/Session2/wav_headMic/0015.wav,HAIR,speaker_excluded_by_protocol
8266,M03-Session2-headMic-0016,/M03/Session2/wav_headMic/0016.wav,ALPHA,speaker_excluded_by_protocol
8267,M03-Session2-headMic-0017,/M03/Session2/wav_headMic/0017.wav,WARM,speaker_excluded_by_protocol
8268,M03-Session2-headMic-0020,/M03/Session2/wav_headMic/0020.wav,GLOW,speaker_excluded_by_protocol
8269,M03-Session2-headMic-0021,/M03/Session2/wav_headMic/0021.wav,GOAT,speaker_excluded_by_protocol
8270,M03-Session2-headMic-0022,/M03/Session2/wav_headMic/0022.wav,WEED,speaker_excluded_by_protocol
8271,M03-Session2-headMic-0023,/M03/Session2/wav_headMic/0023.wav,KNEW,speaker_excluded_by_protocol
8272,M03-Session2-headMic-0024,/M03/Session2/wav_headMic/0024.wav,BUG,speaker_excluded_by_protocol
8273,M03-Session2-headMic-0025,/M03/Session2/wav_headMic/0025.wav,NO,speaker_excluded_by_protocol
8274,M03-Session2-headMic-0026,/M03/Session2/wav_headMic/0026.wav,SHEET,speaker_excluded_by_protocol
8275,M03-Session2-headMic-0028,/M03/Session2/wav_headMic/0028.wav,CORN,speaker_excluded_by_protocol
8276,M03-Session2-headMic-0029,/M03/Session2/wav_headMic/0029.wav,EXCEPT IN THE WINTER WHEN THE OOZE OR SNOW OR ICE PREVENTS,speaker_excluded_by_protocol
8277,M03-Session2-headMic-0030,/M03/Session2/wav_headMic/0030.wav,FEED,speaker_excluded_by_protocol
8278,M03-Session2-headMic-0031,/M03/Session2/wav_headMic/0031.wav,RIGHT,speaker_excluded_by_protocol
8279,M03-Session2-headMic-0032,/M03/Session2/wav_headMic/0032.wav,FAIR,speaker_excluded_by_protocol
8280,M03-Session2-headMic-0033,/M03/Session2/wav_headMic/0033.wav,BAT,speaker_excluded_by_protocol
8281,M03-Session2-headMic-0034,/M03/Session2/wav_headMic/0034.wav,FEET,speaker_excluded_by_protocol
8282,M03-Session2-headMic-0035,/M03/Session2/wav_headMic/0035.wav,TROUBLE,speaker_excluded_by_protocol
8283,M03-Session2-headMic-0037,/M03/Session2/wav_headMic/0037.wav,DOUBLE,speaker_excluded_by_protocol
8284,M03-Session2-headMic-0038,/M03/Session2/wav_headMic/0038.wav,RATE,speaker_excluded_by_protocol
8285,M03-Session2-headMic-0039,/M03/Session2/wav_headMic/0039.wav,RANGE,speaker_excluded_by_protocol
8286,M03-Session2-headMic-0040,/M03/Session2/wav_headMic/0040.wav,RAID,speaker_excluded_by_protocol
8287,M03-Session2-headMic-0041,/M03/Session2/wav_headMic/0041.wav,PAT,speaker_excluded_by_protocol
8288,M03-Session2-headMic-0042,/M03/Session2/wav_headMic/0042.wav,CHAIR,speaker_excluded_by_protocol
8289,M03-Session2-headMic-0043,/M03/Session2/wav_headMic/0043.wav,SWARM,speaker_excluded_by_protocol
8290,M03-Session2-headMic-0044,/M03/Session2/wav_headMic/0044.wav,STORM,speaker_excluded_by_protocol
8291,M03-Session2-headMic-0045,/M03/Session2/wav_headMic/0045.wav,SHE HAD YOUR DARK SUIT IN GREASY WASH WATER ALL YEAR,speaker_excluded_by_protocol
8292,M03-Session2-headMic-0046,/M03/Session2/wav_headMic/0046.wav,GROW,speaker_excluded_by_protocol
8293,M03-Session2-headMic-0047,/M03/Session2/wav_headMic/0047.wav,DARK,speaker_excluded_by_protocol
8294,M03-Session2-headMic-0048,/M03/Session2/wav_headMic/0048.wav,JAGGED,speaker_excluded_by_protocol
8295,M03-Session2-headMic-0049,/M03/Session2/wav_headMic/0049.wav,UP,speaker_excluded_by_protocol
8296,M03-Session2-headMic-0050,/M03/Session2/wav_headMic/0050.wav,AIR,speaker_excluded_by_protocol
8297,M03-Session2-headMic-0051,/M03/Session2/wav_headMic/0051.wav,STUBBLE,speaker_excluded_by_protocol
8298,M03-Session2-headMic-0053,/M03/Session2/wav_headMic/0053.wav,TRAIT,speaker_excluded_by_protocol
8299,M03-Session2-headMic-0054,/M03/Session2/wav_headMic/0054.wav,STORE,speaker_excluded_by_protocol
8300,M03-Session2-headMic-0056,/M03/Session2/wav_headMic/0056.wav,BETA,speaker_excluded_by_protocol
8301,M03-Session2-headMic-0057,/M03/Session2/wav_headMic/0057.wav,USUALLY MINUS SEVERAL BUTTONS,speaker_excluded_by_protocol
8302,M03-Session2-headMic-0058,/M03/Session2/wav_headMic/0058.wav,TRAIN,speaker_excluded_by_protocol
8303,M03-Session2-headMic-0059,/M03/Session2/wav_headMic/0059.wav,PARK,speaker_excluded_by_protocol
8304,M03-Session2-headMic-0060,/M03/Session2/wav_headMic/0060.wav,DAGGER,speaker_excluded_by_protocol
8305,M03-Session2-headMic-0061,/M03/Session2/wav_headMic/0061.wav,BUBBLE,speaker_excluded_by_protocol
8306,M03-Session2-headMic-0062,/M03/Session2/wav_headMic/0062.wav,TORN,speaker_excluded_by_protocol
8307,M03-Session2-headMic-0063,/M03/Session2/wav_headMic/0063.wav,KNEE,speaker_excluded_by_protocol
8308,M03-Session2-headMic-0064,/M03/Session2/wav_headMic/0064.wav,CHAIR,speaker_excluded_by_protocol
8309,M03-Session2-headMic-0065,/M03/Session2/wav_headMic/0065.wav,YET HE STILL THINKS AS SWIFTLY AS EVER,speaker_excluded_by_protocol
8310,M03-Session2-headMic-0066,/M03/Session2/wav_headMic/0066.wav,BEAT,speaker_excluded_by_protocol
8311,M03-Session2-headMic-0067,/M03/Session2/wav_headMic/0067.wav,SIP,speaker_excluded_by_protocol
8312,M03-Session2-headMic-0068,/M03/Session2/wav_headMic/0068.wav,SIP,speaker_excluded_by_protocol
8313,M03-Session2-headMic-0069,/M03/Session2/wav_headMic/0069.wav,FORM,speaker_excluded_by_protocol
8314,M03-Session2-headMic-0070,/M03/Session2/wav_headMic/0070.wav,ONE,speaker_excluded_by_protocol
8315,M03-Session2-headMic-0071,/M03/Session2/wav_headMic/0071.wav,STICKS,speaker_excluded_by_protocol
8316,M03-Session2-headMic-0072,/M03/Session2/wav_headMic/0072.wav,DUG,speaker_excluded_by_protocol
8317,M03-Session2-headMic-0074,/M03/Session2/wav_headMic/0074.wav,BUT HE ALWAYS ANSWERS BANANA OIL,speaker_excluded_by_protocol
8318,M03-Session2-headMic-0075,/M03/Session2/wav_headMic/0075.wav,BEAT,speaker_excluded_by_protocol
8319,M03-Session2-headMic-0076,/M03/Session2/wav_headMic/0076.wav,BEAT,speaker_excluded_by_protocol
8320,M03-Session2-headMic-0077,/M03/Session2/wav_headMic/0077.wav,TRACE,speaker_excluded_by_protocol
8321,M03-Session2-headMic-0078,/M03/Session2/wav_headMic/0078.wav,SWARM,speaker_excluded_by_protocol
8322,M03-Session2-headMic-0080,/M03/Session2/wav_headMic/0080.wav,SWORE,speaker_excluded_by_protocol
8323,M03-Session2-headMic-0081,/M03/Session2/wav_headMic/0081.wav,WARM,speaker_excluded_by_protocol
8324,M03-Session2-headMic-0082,/M03/Session2/wav_headMic/0082.wav,FEET,speaker_excluded_by_protocol
8325,M03-Session2-headMic-0083,/M03/Session2/wav_headMic/0083.wav,YES,speaker_excluded_by_protocol
8326,M03-Session2-headMic-0084,/M03/Session2/wav_headMic/0084.wav,GO,speaker_excluded_by_protocol
8327,M03-Session2-headMic-0085,/M03/Session2/wav_headMic/0085.wav,MEAT,speaker_excluded_by_protocol
8328,M03-Session2-headMic-0086,/M03/Session2/wav_headMic/0086.wav,FEE,speaker_excluded_by_protocol
8329,M03-Session2-headMic-0087,/M03/Session2/wav_headMic/0087.wav,TRADE,speaker_excluded_by_protocol
8330,M03-Session2-headMic-0088,/M03/Session2/wav_headMic/0088.wav,CAR,speaker_excluded_by_protocol
8331,M03-Session2-headMic-0089,/M03/Session2/wav_headMic/0089.wav,STORM,speaker_excluded_by_protocol
8332,M03-Session2-headMic-0090,/M03/Session2/wav_headMic/0090.wav,DOWN,speaker_excluded_by_protocol
8333,M03-Session2-headMic-0091,/M03/Session2/wav_headMic/0091.wav,SLIP,speaker_excluded_by_protocol
8334,M03-Session2-headMic-0092,/M03/Session2/wav_headMic/0092.wav,SHARE,speaker_excluded_by_protocol
8335,M03-Session2-headMic-0093,/M03/Session2/wav_headMic/0093.wav,KNEW,speaker_excluded_by_protocol
8336,M03-Session2-headMic-0095,/M03/Session2/wav_headMic/0095.wav,STICK,speaker_excluded_by_protocol
8337,M03-Session2-headMic-0096,/M03/Session2/wav_headMic/0096.wav,TWICE EACH DAY HE PLAYS SKILLFULLY AND WITH ZEST UPON OUR SMALL ORGAN,speaker_excluded_by_protocol
8338,M03-Session2-headMic-0097,/M03/Session2/wav_headMic/0097.wav,HORN,speaker_excluded_by_protocol
8339,M03-Session2-headMic-0098,/M03/Session2/wav_headMic/0098.wav,WE HAVE OFTEN URGED HIM TO WALK MORE AND SMOKE LESS,speaker_excluded_by_protocol
8340,M03-Session2-headMic-0099,/M03/Session2/wav_headMic/0099.wav,HE DRESSES HIMSELF IN AN ANCIENT BLACK FROCK COAT,speaker_excluded_by_protocol
8341,M03-Session2-headMic-0100,/M03/Session2/wav_headMic/0100.wav,HE DRESSES HIMSELF IN AN ANCIENT BLACK FROCK COAT,speaker_excluded_by_protocol
8342,M03-Session2-headMic-0101,/M03/Session2/wav_headMic/0101.wav,WHEN HE SPEAKS HIS VOICE IS JUST A BIT CRACKED AND QUIVERS A TRIFLE,speaker_excluded_by_protocol
8343,M03-Session2-headMic-0102,/M03/Session2/wav_headMic/0102.wav,WHEN HE SPEAKS HIS VOICE IS JUST A BIT CRACKED AND QUIVERS A TRIFLE,speaker_excluded_by_protocol
8344,M03-Session2-headMic-0103,/M03/Session2/wav_headMic/0103.wav,SIP,speaker_excluded_by_protocol
8345,M03-Session2-headMic-0104,/M03/Session2/wav_headMic/0104.wav,FOR,speaker_excluded_by_protocol
8346,M03-Session2-headMic-0105,/M03/Session2/wav_headMic/0105.wav,FLOOR,speaker_excluded_by_protocol
8347,M03-Session2-headMic-0106,/M03/Session2/wav_headMic/0106.wav,JACKET,speaker_excluded_by_protocol
8348,M03-Session2-headMic-0107,/M03/Session2/wav_headMic/0107.wav,THE QUICK BROWN FOX JUMPS OVER THE LAZY DOG,speaker_excluded_by_protocol
8349,M03-Session2-headMic-0108,/M03/Session2/wav_headMic/0108.wav,LEFT,speaker_excluded_by_protocol
8350,M03-Session2-headMic-0109,/M03/Session2/wav_headMic/0109.wav,RAGE,speaker_excluded_by_protocol
8351,M03-Session2-headMic-0110,/M03/Session2/wav_headMic/0110.wav,SPARK,speaker_excluded_by_protocol
8352,M03-Session2-headMic-0111,/M03/Session2/wav_headMic/0111.wav,YOU WISHED TO KNOW ALL ABOUT MY GRANDFATHER,speaker_excluded_by_protocol
8353,M03-Session2-headMic-0112,/M03/Session2/wav_headMic/0112.wav,BIT,speaker_excluded_by_protocol
8354,M03-Session2-headMic-0113,/M03/Session2/wav_headMic/0113.wav,RAKE,speaker_excluded_by_protocol
8355,M03-Session2-headMic-0114,/M03/Session2/wav_headMic/0114.wav,THE,speaker_excluded_by_protocol
8356,M03-Session2-headMic-0115,/M03/Session2/wav_headMic/0115.wav,A LONG FLOWING BEARD CLINGS TO HIS CHIN,speaker_excluded_by_protocol
8357,M03-Session2-headMic-0116,/M03/Session2/wav_headMic/0116.wav,RAVE,speaker_excluded_by_protocol
8358,M03-Session2-headMic-0117,/M03/Session2/wav_headMic/0117.wav,DON'T ASK ME TO CARRY AN OILY RAG LIKE THAT,speaker_excluded_by_protocol
8359,M03-Session2-headMic-0118,/M03/Session2/wav_headMic/0118.wav,GIVING THOSE WHO OBSERVE HIM A PRONOUNCED FEELING OF THE UTMOST RESPECT,speaker_excluded_by_protocol
8360,M03-Session2-headMic-0119,/M03/Session2/wav_headMic/0119.wav,YOU'D BE BETTER OFF TAKING A COLD SHOWER,speaker_excluded_by_protocol
8361,M03-Session2-headMic-0120,/M03/Session2/wav_headMic/0120.wav,THREE,speaker_excluded_by_protocol
8362,M03-Session2-headMic-0121,/M03/Session2/wav_headMic/0121.wav,DOT,speaker_excluded_by_protocol
8363,M03-Session2-headMic-0122,/M03/Session2/wav_headMic/0122.wav,WISH,speaker_excluded_by_protocol
8364,M03-Session2-headMic-0123,/M03/Session2/wav_headMic/0123.wav,SELECT,speaker_excluded_by_protocol
8365,M03-Session2-headMic-0124,/M03/Session2/wav_headMic/0124.wav,PRIOR,speaker_excluded_by_protocol
8366,M03-Session2-headMic-0125,/M03/Session2/wav_headMic/0125.wav,STEER,speaker_excluded_by_protocol
8367,M03-Session2-headMic-0126,/M03/Session2/wav_headMic/0126.wav,PAD,speaker_excluded_by_protocol
8368,M03-Session2-headMic-0127,/M03/Session2/wav_headMic/0127.wav,URGENT,speaker_excluded_by_protocol
8369,M03-Session2-headMic-0128,/M03/Session2/wav_headMic/0128.wav,ONE VALIDATED ACTS OF SCHOOL DISTRICTS,speaker_excluded_by_protocol
8370,M03-Session2-headMic-0129,/M03/Session2/wav_headMic/0129.wav,KNOW,speaker_excluded_by_protocol
8371,M03-Session2-headMic-0130,/M03/Session2/wav_headMic/0130.wav,KNOW,speaker_excluded_by_protocol
8372,M03-Session2-headMic-0131,/M03/Session2/wav_headMic/0131.wav,ERROR,speaker_excluded_by_protocol
8373,M03-Session2-headMic-0132,/M03/Session2/wav_headMic/0132.wav,CYCLE,speaker_excluded_by_protocol
8374,M03-Session2-headMic-0133,/M03/Session2/wav_headMic/0133.wav,FRUIT,speaker_excluded_by_protocol
8375,M03-Session2-headMic-0134,/M03/Session2/wav_headMic/0134.wav,SHEAR,speaker_excluded_by_protocol
8376,M03-Session2-headMic-0135,/M03/Session2/wav_headMic/0135.wav,JANE MAY EARN MORE MONEY BY WORKING HARD,speaker_excluded_by_protocol
8377,M03-Session2-headMic-0136,/M03/Session2/wav_headMic/0136.wav,SLEEP,speaker_excluded_by_protocol
8378,M03-Session2-headMic-0137,/M03/Session2/wav_headMic/0137.wav,WRITE,speaker_excluded_by_protocol
8379,M03-Session2-headMic-0138,/M03/Session2/wav_headMic/0138.wav,ALL THE BIG BASEBALL PLAYERS GET TRADED,speaker_excluded_by_protocol
8380,M03-Session2-headMic-0139,/M03/Session2/wav_headMic/0139.wav,NO,speaker_excluded_by_protocol
8381,M03-Session2-headMic-0140,/M03/Session2/wav_headMic/0140.wav,OF,speaker_excluded_by_protocol
8382,M03-Session2-headMic-0141,/M03/Session2/wav_headMic/0141.wav,LOOP,speaker_excluded_by_protocol
8383,M03-Session2-headMic-0142,/M03/Session2/wav_headMic/0142.wav,FLOOR,speaker_excluded_by_protocol
8384,M03-Session2-headMic-0143,/M03/Session2/wav_headMic/0143.wav,FOUR,speaker_excluded_by_protocol
8385,M03-Session2-headMic-0144,/M03/Session2/wav_headMic/0144.wav,MY SISTER MADE THE FLOWERED CURTAINS,speaker_excluded_by_protocol
8386,M03-Session2-headMic-0145,/M03/Session2/wav_headMic/0145.wav,SUIT,speaker_excluded_by_protocol
8387,M03-Session2-headMic-0146,/M03/Session2/wav_headMic/0146.wav,GNAW,speaker_excluded_by_protocol
8388,M03-Session2-headMic-0147,/M03/Session2/wav_headMic/0147.wav,COUPE,speaker_excluded_by_protocol
8389,M03-Session2-headMic-0148,/M03/Session2/wav_headMic/0148.wav,AREA,speaker_excluded_by_protocol
8390,M03-Session2-headMic-0149,/M03/Session2/wav_headMic/0149.wav,HEAR,speaker_excluded_by_protocol
8391,M03-Session2-headMic-0150,/M03/Session2/wav_headMic/0150.wav,DEER,speaker_excluded_by_protocol
8392,M03-Session2-headMic-0151,/M03/Session2/wav_headMic/0151.wav,ARE YOUR GRADES HIGHER OR LOWER THAN NANCY'S,speaker_excluded_by_protocol
8393,M03-Session2-headMic-0152,/M03/Session2/wav_headMic/0152.wav,BAT,speaker_excluded_by_protocol
8394,M03-Session2-headMic-0153,/M03/Session2/wav_headMic/0153.wav,ROCKS,speaker_excluded_by_protocol
8395,M03-Session2-headMic-0154,/M03/Session2/wav_headMic/0154.wav,GALORE,speaker_excluded_by_protocol
8396,M03-Session2-headMic-0155,/M03/Session2/wav_headMic/0155.wav,YOU'RE USED TO BEING ON THE FIELD,speaker_excluded_by_protocol
8397,M03-Session2-headMic-0156,/M03/Session2/wav_headMic/0156.wav,HATE,speaker_excluded_by_protocol
8398,M03-Session2-headMic-0157,/M03/Session2/wav_headMic/0157.wav,SLIP,speaker_excluded_by_protocol
8399,M03-Session2-headMic-0158,/M03/Session2/wav_headMic/0158.wav,WRITE,speaker_excluded_by_protocol
8400,M03-Session2-headMic-0159,/M03/Session2/wav_headMic/0159.wav,CHARLIE,speaker_excluded_by_protocol
8401,M03-Session2-headMic-0160,/M03/Session2/wav_headMic/0160.wav,BRIAR,speaker_excluded_by_protocol
8402,M03-Session2-headMic-0161,/M03/Session2/wav_headMic/0161.wav,BAD,speaker_excluded_by_protocol
8403,M03-Session2-headMic-0162,/M03/Session2/wav_headMic/0162.wav,BRIGHT SUNSHINE SHIMMERS ON THE OCEAN,speaker_excluded_by_protocol
8404,M03-Session2-headMic-0163,/M03/Session2/wav_headMic/0163.wav,PAY,speaker_excluded_by_protocol
8405,M03-Session2-headMic-0164,/M03/Session2/wav_headMic/0164.wav,I LOOKED UP AND NOTICED TWO OLD MEN,speaker_excluded_by_protocol
8406,M03-Session2-headMic-0165,/M03/Session2/wav_headMic/0165.wav,HE WILL ALLOW A RARE LIE,speaker_excluded_by_protocol
8407,M03-Session2-headMic-0166,/M03/Session2/wav_headMic/0166.wav,THE ISLANDS ARE SPARSELY POPULATED,speaker_excluded_by_protocol
8408,M03-Session2-headMic-0167,/M03/Session2/wav_headMic/0167.wav,WHITE,speaker_excluded_by_protocol
8409,M03-Session2-headMic-0168,/M03/Session2/wav_headMic/0168.wav,THIS WAS EASY FOR US,speaker_excluded_by_protocol
8410,M03-Session2-headMic-0169,/M03/Session2/wav_headMic/0169.wav,WERE,speaker_excluded_by_protocol
8411,M03-Session2-headMic-0170,/M03/Session2/wav_headMic/0170.wav,WE'RE,speaker_excluded_by_protocol
8412,M03-Session2-headMic-0171,/M03/Session2/wav_headMic/0171.wav,MUT,speaker_excluded_by_protocol
8413,M03-Session2-headMic-0172,/M03/Session2/wav_headMic/0172.wav,NEAR,speaker_excluded_by_protocol
8414,M03-Session2-headMic-0173,/M03/Session2/wav_headMic/0173.wav,ATE,speaker_excluded_by_protocol
8415,M03-Session2-headMic-0174,/M03/Session2/wav_headMic/0174.wav,CHEER,speaker_excluded_by_protocol
8416,M03-Session2-headMic-0175,/M03/Session2/wav_headMic/0175.wav,SUIT,speaker_excluded_by_protocol
8417,M03-Session2-headMic-0177,/M03/Session2/wav_headMic/0177.wav,MERE,speaker_excluded_by_protocol
8418,M03-Session2-headMic-0178,/M03/Session2/wav_headMic/0178.wav,ATE,speaker_excluded_by_protocol
8419,M03-Session2-headMic-0179,/M03/Session2/wav_headMic/0179.wav,I WAS CONSCIOUS ALL THE TIME,speaker_excluded_by_protocol
8420,M03-Session2-headMic-0180,/M03/Session2/wav_headMic/0180.wav,DELTA,speaker_excluded_by_protocol
8421,M03-Session2-headMic-0181,/M03/Session2/wav_headMic/0181.wav,SLAY,speaker_excluded_by_protocol
8422,M03-Session2-headMic-0182,/M03/Session2/wav_headMic/0182.wav,I SCRUBBED THE FLOORS THOROUGHLY,speaker_excluded_by_protocol
8423,M03-Session2-headMic-0184,/M03/Session2/wav_headMic/0184.wav,THE TRAIN APPROACHED THE DEPOT SLOWLY,speaker_excluded_by_protocol
8424,M03-Session2-headMic-0185,/M03/Session2/wav_headMic/0185.wav,WHY YELL OR WORRY OVER SILLY ITEMS,speaker_excluded_by_protocol
8425,M03-Session2-headMic-0186,/M03/Session2/wav_headMic/0186.wav,FORWARD,speaker_excluded_by_protocol
8426,M03-Session2-headMic-0187,/M03/Session2/wav_headMic/0187.wav,EVERYTHING WENT REAL SMOOTH THE SHERIFF SAID,speaker_excluded_by_protocol
8427,M03-Session2-headMic-0188,/M03/Session2/wav_headMic/0188.wav,TILE,speaker_excluded_by_protocol
8428,M03-Session2-headMic-0189,/M03/Session2/wav_headMic/0189.wav,WHOOP,speaker_excluded_by_protocol
8429,M03-Session2-headMic-0190,/M03/Session2/wav_headMic/0190.wav,SPRINKLE,speaker_excluded_by_protocol
8430,M03-Session2-headMic-0191,/M03/Session2/wav_headMic/0191.wav,FEAR,speaker_excluded_by_protocol
8431,M03-Session2-headMic-0192,/M03/Session2/wav_headMic/0192.wav,WHERE WERE YOU WHILE WE WERE AWAY,speaker_excluded_by_protocol
8432,M03-Session2-headMic-0193,/M03/Session2/wav_headMic/0193.wav,BACK,speaker_excluded_by_protocol
8433,M03-Session2-headMic-0194,/M03/Session2/wav_headMic/0194.wav,I JUST TRY TO DO MY BEST,speaker_excluded_by_protocol
8434,M03-Session2-headMic-0195,/M03/Session2/wav_headMic/0195.wav,LIP,speaker_excluded_by_protocol
8435,M03-Session2-headMic-0196,/M03/Session2/wav_headMic/0196.wav,THEY CARRIED ME OFF ON THE STRETCHER,speaker_excluded_by_protocol
8436,M03-Session2-headMic-0197,/M03/Session2/wav_headMic/0197.wav,ROOT,speaker_excluded_by_protocol
8437,M03-Session2-headMic-0198,/M03/Session2/wav_headMic/0198.wav,WE GATHERED SHELLS ON THE BEACH,speaker_excluded_by_protocol
8438,M03-Session2-headMic-0199,/M03/Session2/wav_headMic/0199.wav,MOTHER SEWS YELLOW GINGHAM APRONS,speaker_excluded_by_protocol
8439,M03-Session2-headMic-0200,/M03/Session2/wav_headMic/0200.wav,THROUGH,speaker_excluded_by_protocol
8440,M03-Session2-headMic-0201,/M03/Session2/wav_headMic/0201.wav,THOUGH,speaker_excluded_by_protocol
8441,M03-Session2-headMic-0202,/M03/Session2/wav_headMic/0202.wav,SWAY,speaker_excluded_by_protocol
8442,M03-Session2-headMic-0203,/M03/Session2/wav_headMic/0203.wav,SNOOP,speaker_excluded_by_protocol
8443,M03-Session2-headMic-0204,/M03/Session2/wav_headMic/0204.wav,BEAR,speaker_excluded_by_protocol
8444,M03-Session2-headMic-0205,/M03/Session2/wav_headMic/0205.wav,PAT,speaker_excluded_by_protocol
8445,M03-Session2-headMic-0206,/M03/Session2/wav_headMic/0206.wav,MENU,speaker_excluded_by_protocol
8446,M03-Session2-headMic-0207,/M03/Session2/wav_headMic/0207.wav,SINGLE,speaker_excluded_by_protocol
8447,M03-Session2-headMic-0208,/M03/Session2/wav_headMic/0208.wav,TIE,speaker_excluded_by_protocol
8448,M03-Session2-headMic-0209,/M03/Session2/wav_headMic/0209.wav,JUST ONE SIDE GOT WET,speaker_excluded_by_protocol
8449,M03-Session2-headMic-0210,/M03/Session2/wav_headMic/0210.wav,KNOT,speaker_excluded_by_protocol
8450,M03-Session2-headMic-0211,/M03/Session2/wav_headMic/0211.wav,I FEEL I CAN PLAY THIS WEEKEND,speaker_excluded_by_protocol
8451,M03-Session2-headMic-0212,/M03/Session2/wav_headMic/0212.wav,GROUP,speaker_excluded_by_protocol
8452,M03-Session2-headMic-0213,/M03/Session2/wav_headMic/0213.wav,SHE IS THINNER THAN I AM,speaker_excluded_by_protocol
8453,M03-Session2-headMic-0214,/M03/Session2/wav_headMic/0214.wav,HERE,speaker_excluded_by_protocol
8454,M03-Session2-headMic-0215,/M03/Session2/wav_headMic/0215.wav,AIR,speaker_excluded_by_protocol
8455,M03-Session2-headMic-0216,/M03/Session2/wav_headMic/0216.wav,SLIP,speaker_excluded_by_protocol
8456,M03-Session2-headMic-0217,/M03/Session2/wav_headMic/0217.wav,SHOOT,speaker_excluded_by_protocol
8457,M03-Session2-headMic-0218,/M03/Session2/wav_headMic/0218.wav,I TRIED TO TELL PEOPLE IN THE COMMUNITY,speaker_excluded_by_protocol
8458,M03-Session2-headMic-0219,/M03/Session2/wav_headMic/0219.wav,WILL ROBIN WEAR A YELLOW LILY,speaker_excluded_by_protocol
8459,M03-Session2-headMic-0220,/M03/Session2/wav_headMic/0220.wav,WITCH,speaker_excluded_by_protocol
8460,M03-Session2-headMic-0221,/M03/Session2/wav_headMic/0221.wav,BOTH FIGURES WOULD GO HIGHER IN LATER YEARS,speaker_excluded_by_protocol
8461,M03-Session2-headMic-0222,/M03/Session2/wav_headMic/0222.wav,NOTHING IS AS OFFENSIVE AS INNOCENCE,speaker_excluded_by_protocol
8462,M03-Session2-headMic-0223,/M03/Session2/wav_headMic/0223.wav,KNEW,speaker_excluded_by_protocol
8463,M03-Session2-headMic-0224,/M03/Session2/wav_headMic/0224.wav,PEER,speaker_excluded_by_protocol
8464,M03-Session2-headMic-0225,/M03/Session2/wav_headMic/0225.wav,TOOT,speaker_excluded_by_protocol
8465,M03-Session2-headMic-0226,/M03/Session2/wav_headMic/0226.wav,PILE,speaker_excluded_by_protocol
8466,M03-Session2-headMic-0227,/M03/Session2/wav_headMic/0227.wav,YES,speaker_excluded_by_protocol
8467,M03-Session2-headMic-0228,/M03/Session2/wav_headMic/0228.wav,JUNGLE,speaker_excluded_by_protocol
8468,M03-Session2-headMic-0229,/M03/Session2/wav_headMic/0229.wav,JUNGLE,speaker_excluded_by_protocol
8469,M03-Session2-headMic-0230,/M03/Session2/wav_headMic/0230.wav,EXPLORE,speaker_excluded_by_protocol
8470,M03-Session2-headMic-0231,/M03/Session2/wav_headMic/0231.wav,TROOP,speaker_excluded_by_protocol
8471,M03-Session2-headMic-0232,/M03/Session2/wav_headMic/0232.wav,SIGH,speaker_excluded_by_protocol
8472,M03-Session2-headMic-0234,/M03/Session2/wav_headMic/0234.wav,ROCK,speaker_excluded_by_protocol
8473,M03-Session2-headMic-0235,/M03/Session2/wav_headMic/0235.wav,BOOT,speaker_excluded_by_protocol
8474,M03-Session2-headMic-0236,/M03/Session2/wav_headMic/0236.wav,FATE,speaker_excluded_by_protocol
8475,M03-Session2-headMic-0237,/M03/Session2/wav_headMic/0237.wav,LIGHT,speaker_excluded_by_protocol
8476,M03-Session2-headMic-0238,/M03/Session2/wav_headMic/0238.wav,THIGH,speaker_excluded_by_protocol
8477,M03-Session2-headMic-0239,/M03/Session2/wav_headMic/0239.wav,SIDE,speaker_excluded_by_protocol
8478,M03-Session2-headMic-0240,/M03/Session2/wav_headMic/0240.wav,POT,speaker_excluded_by_protocol
8479,M03-Session2-headMic-0241,/M03/Session2/wav_headMic/0241.wav,THE HUMIDITY IS OVERWHELMING THERE,speaker_excluded_by_protocol
8480,M03-Session2-headMic-0242,/M03/Session2/wav_headMic/0242.wav,MUCH,speaker_excluded_by_protocol
8481,M03-Session2-headMic-0243,/M03/Session2/wav_headMic/0243.wav,SIGH,speaker_excluded_by_protocol
8482,M03-Session2-headMic-0244,/M03/Session2/wav_headMic/0244.wav,IF YOU DESTROY CONFIDENCE IN BANKS YOU DO SOMETHING TO THE ECONOMY HE SAID,speaker_excluded_by_protocol
8483,M03-Session2-headMic-0245,/M03/Session2/wav_headMic/0245.wav,IF YOU DESTROY CONFIDENCE IN BANKS YOU DO SOMETHING TO THE ECONOMY HE SAID,speaker_excluded_by_protocol
8484,M03-Session2-headMic-0246,/M03/Session2/wav_headMic/0246.wav,BAD,speaker_excluded_by_protocol
8485,M03-Session2-headMic-0247,/M03/Session2/wav_headMic/0247.wav,PLAY,speaker_excluded_by_protocol
8486,M03-Session2-headMic-0248,/M03/Session2/wav_headMic/0248.wav,SIGH,speaker_excluded_by_protocol
8487,M03-Session2-headMic-0249,/M03/Session2/wav_headMic/0249.wav,THEIR HOUSE IS GREY AND WHITE,speaker_excluded_by_protocol
8488,M03-Session2-headMic-0250,/M03/Session2/wav_headMic/0250.wav,TWO OTHER CASES ALSO WERE UNDER ADVISEMENT,speaker_excluded_by_protocol
8489,M03-Session2-headMic-0251,/M03/Session2/wav_headMic/0251.wav,DROOP,speaker_excluded_by_protocol
8490,M03-Session2-headMic-0252,/M03/Session2/wav_headMic/0252.wav,BRAWN,speaker_excluded_by_protocol
8491,M03-Session2-headMic-0253,/M03/Session2/wav_headMic/0253.wav,PART,speaker_excluded_by_protocol
8492,M03-Session2-headMic-0254,/M03/Session2/wav_headMic/0254.wav,WITTY,speaker_excluded_by_protocol
8493,M03-Session2-headMic-0255,/M03/Session2/wav_headMic/0255.wav,MITTEN,speaker_excluded_by_protocol
8494,M03-Session2-headMic-0256,/M03/Session2/wav_headMic/0256.wav,THIS IS A PERIOD OF TRANSITION FOR ME,speaker_excluded_by_protocol
8495,M03-Session2-headMic-0257,/M03/Session2/wav_headMic/0257.wav,IT WAS A GOOD WIN FOR US,speaker_excluded_by_protocol
8496,M03-Session2-headMic-0258,/M03/Session2/wav_headMic/0258.wav,BARN,speaker_excluded_by_protocol
8497,M03-Session2-headMic-0259,/M03/Session2/wav_headMic/0259.wav,PITTING,speaker_excluded_by_protocol
8498,M03-Session2-headMic-0260,/M03/Session2/wav_headMic/0260.wav,THE LITTLE SCHOOLHOUSE STOOD EMPTY,speaker_excluded_by_protocol
8499,M03-Session2-headMic-0261,/M03/Session2/wav_headMic/0261.wav,PARK,speaker_excluded_by_protocol
8500,M03-Session2-headMic-0264,/M03/Session2/wav_headMic/0264.wav,LOYAL,speaker_excluded_by_protocol
8501,M03-Session2-headMic-0265,/M03/Session2/wav_headMic/0265.wav,MUSH,speaker_excluded_by_protocol
8502,M03-Session2-headMic-0266,/M03/Session2/wav_headMic/0266.wav,AND,speaker_excluded_by_protocol
8503,M03-Session2-headMic-0267,/M03/Session2/wav_headMic/0267.wav,HILL,speaker_excluded_by_protocol
8504,M03-Session2-headMic-0268,/M03/Session2/wav_headMic/0268.wav,KILO,speaker_excluded_by_protocol
8505,M03-Session2-headMic-0269,/M03/Session2/wav_headMic/0269.wav,BROUGHT,speaker_excluded_by_protocol
8506,M03-Session2-headMic-0270,/M03/Session2/wav_headMic/0270.wav,HOTEL,speaker_excluded_by_protocol
8507,M03-Session2-headMic-0271,/M03/Session2/wav_headMic/0271.wav,I EXPECT WE'LL BOUNCE BACK THIS WEEK,speaker_excluded_by_protocol
8508,M03-Session2-headMic-0272,/M03/Session2/wav_headMic/0272.wav,THOUGHT,speaker_excluded_by_protocol
8509,M03-Session2-headMic-0273,/M03/Session2/wav_headMic/0273.wav,THE MISGUIDED SOULS HAVE LOST THEIR WAY,speaker_excluded_by_protocol
8510,M03-Session2-headMic-0275,/M03/Session2/wav_headMic/0275.wav,BEFORE THURSDAY'S EXAM REVIEW EVERY FORMULA,speaker_excluded_by_protocol
8511,M03-Session2-headMic-0276,/M03/Session2/wav_headMic/0276.wav,JULIET,speaker_excluded_by_protocol
8512,M03-Session2-headMic-0277,/M03/Session2/wav_headMic/0277.wav,THIS IS NOT A PROGRAM OF SOCIALIZED MEDICINE,speaker_excluded_by_protocol
8513,M03-Session2-headMic-0278,/M03/Session2/wav_headMic/0278.wav,ALIMONY HARMS A DIVORCED MAN'S WEALTH,speaker_excluded_by_protocol
8514,M03-Session2-headMic-0279,/M03/Session2/wav_headMic/0279.wav,CITY,speaker_excluded_by_protocol
8515,M03-Session2-headMic-0280,/M03/Session2/wav_headMic/0280.wav,SPIT,speaker_excluded_by_protocol
8516,M03-Session2-headMic-0281,/M03/Session2/wav_headMic/0281.wav,PIT,speaker_excluded_by_protocol
8517,M03-Session2-headMic-0282,/M03/Session2/wav_headMic/0282.wav,LICK,speaker_excluded_by_protocol
8518,M03-Session2-headMic-0283,/M03/Session2/wav_headMic/0283.wav,DART,speaker_excluded_by_protocol
8519,M03-Session2-headMic-0284,/M03/Session2/wav_headMic/0284.wav,HUM,speaker_excluded_by_protocol
8520,M03-Session2-headMic-0285,/M03/Session2/wav_headMic/0285.wav,MIKE,speaker_excluded_by_protocol
8521,M03-Session2-headMic-0286,/M03/Session2/wav_headMic/0286.wav,A ROLL OF WIRE LAY NEAR THE WALL,speaker_excluded_by_protocol
8522,M03-Session2-headMic-0287,/M03/Session2/wav_headMic/0287.wav,IT EVENTUALLY BECAME A RATHER PROUD CLAIM,speaker_excluded_by_protocol
8523,M03-Session2-headMic-0288,/M03/Session2/wav_headMic/0288.wav,PIT,speaker_excluded_by_protocol
8524,M03-Session2-headMic-0289,/M03/Session2/wav_headMic/0289.wav,LEAK,speaker_excluded_by_protocol
8525,M03-Session2-headMic-0290,/M03/Session2/wav_headMic/0290.wav,SIGH,speaker_excluded_by_protocol
8526,M03-Session2-headMic-0291,/M03/Session2/wav_headMic/0291.wav,YES,speaker_excluded_by_protocol
8527,M03-Session2-headMic-0292,/M03/Session2/wav_headMic/0292.wav,REEK,speaker_excluded_by_protocol
8528,M03-Session2-headMic-0293,/M03/Session2/wav_headMic/0293.wav,TELL,speaker_excluded_by_protocol
8529,M03-Session2-headMic-0294,/M03/Session2/wav_headMic/0294.wav,CHOP,speaker_excluded_by_protocol
8530,M03-Session2-headMic-0295,/M03/Session2/wav_headMic/0295.wav,NO,speaker_excluded_by_protocol
8531,M03-Session2-headMic-0296,/M03/Session2/wav_headMic/0296.wav,AT,speaker_excluded_by_protocol
8532,M03-Session2-headMic-0297,/M03/Session2/wav_headMic/0297.wav,FAT,speaker_excluded_by_protocol
8533,M03-Session2-headMic-0298,/M03/Session2/wav_headMic/0298.wav,OSCAR,speaker_excluded_by_protocol
8534,M03-Session2-headMic-0299,/M03/Session2/wav_headMic/0299.wav,CART,speaker_excluded_by_protocol
8535,M03-Session2-headMic-0300,/M03/Session2/wav_headMic/0300.wav,THE MUSEUM HIRES MUSICIANS EVERY EVENING,speaker_excluded_by_protocol
8536,M03-Session2-headMic-0301,/M03/Session2/wav_headMic/0301.wav,THE DOLPHINS SWAM AROUND OUR BOAT,speaker_excluded_by_protocol
8537,M03-Session2-headMic-0302,/M03/Session2/wav_headMic/0302.wav,SHY,speaker_excluded_by_protocol
8538,M03-Session2-headMic-0303,/M03/Session2/wav_headMic/0303.wav,DAY AFTER DAY SOME NEW EPISODE IS REPORTED,speaker_excluded_by_protocol
8539,M03-Session2-headMic-0304,/M03/Session2/wav_headMic/0304.wav,SERGEANT,speaker_excluded_by_protocol
8540,M03-Session2-headMic-0305,/M03/Session2/wav_headMic/0305.wav,VAT,speaker_excluded_by_protocol
8541,M03-Session2-headMic-0306,/M03/Session2/wav_headMic/0306.wav,NOVEMBER,speaker_excluded_by_protocol
8542,M03-Session2-headMic-0307,/M03/Session2/wav_headMic/0307.wav,NOVEMBER,speaker_excluded_by_protocol
8543,M03-Session2-headMic-0308,/M03/Session2/wav_headMic/0308.wav,BITTEN,speaker_excluded_by_protocol
8544,M03-Session2-headMic-0309,/M03/Session2/wav_headMic/0309.wav,SELL,speaker_excluded_by_protocol
8545,M03-Session2-headMic-0310,/M03/Session2/wav_headMic/0310.wav,FITTING,speaker_excluded_by_protocol
8546,M03-Session2-headMic-0311,/M03/Session2/wav_headMic/0311.wav,TOP,speaker_excluded_by_protocol
8547,M03-Session2-headMic-0312,/M03/Session2/wav_headMic/0312.wav,NIGHT AFTER NIGHT THEY RECEIVED ANNOYING PHONE CALLS,speaker_excluded_by_protocol
8548,M03-Session2-headMic-0313,/M03/Session2/wav_headMic/0313.wav,HARP,speaker_excluded_by_protocol
8549,M03-Session2-headMic-0314,/M03/Session2/wav_headMic/0314.wav,SPARK,speaker_excluded_by_protocol
8550,M03-Session2-headMic-0315,/M03/Session2/wav_headMic/0315.wav,SPARK,speaker_excluded_by_protocol
8551,M03-Session2-headMic-0316,/M03/Session2/wav_headMic/0316.wav,SITTING,speaker_excluded_by_protocol
8552,M03-Session2-headMic-0317,/M03/Session2/wav_headMic/0317.wav,FAT,speaker_excluded_by_protocol
8553,M03-Session2-headMic-0318,/M03/Session2/wav_headMic/0318.wav,THE BOX CONTAINED THREE SWEATERS,speaker_excluded_by_protocol
8554,M03-Session2-headMic-0319,/M03/Session2/wav_headMic/0319.wav,LEAK,speaker_excluded_by_protocol
8555,M03-Session2-headMic-0320,/M03/Session2/wav_headMic/0320.wav,STUDENTS WATCHED AS HE GOT OUT,speaker_excluded_by_protocol
8556,M03-Session2-headMic-0321,/M03/Session2/wav_headMic/0321.wav,RICH,speaker_excluded_by_protocol
8557,M03-Session2-headMic-0322,/M03/Session2/wav_headMic/0322.wav,BLOW,speaker_excluded_by_protocol
8558,M03-Session2-headMic-0323,/M03/Session2/wav_headMic/0323.wav,HARK,speaker_excluded_by_protocol
8559,M03-Session2-headMic-0324,/M03/Session2/wav_headMic/0324.wav,KITTEN,speaker_excluded_by_protocol
8560,M03-Session2-headMic-0325,/M03/Session2/wav_headMic/0325.wav,LIAR,speaker_excluded_by_protocol
8561,M03-Session2-headMic-0326,/M03/Session2/wav_headMic/0326.wav,LAIR,speaker_excluded_by_protocol
8562,M03-Session2-headMic-0327,/M03/Session2/wav_headMic/0327.wav,HIM,speaker_excluded_by_protocol
8563,M03-Session2-headMic-0328,/M03/Session2/wav_headMic/0328.wav,SWING YOUR ARM AS HIGH AS YOU CAN,speaker_excluded_by_protocol
8564,M03-Session2-headMic-0329,/M03/Session2/wav_headMic/0329.wav,HE WRAPPED THE PACKAGE HASTILY,speaker_excluded_by_protocol
8565,M03-Session2-headMic-0330,/M03/Session2/wav_headMic/0330.wav,HAT,speaker_excluded_by_protocol
8566,M03-Session2-headMic-0332,/M03/Session2/wav_headMic/0332.wav,DARK,speaker_excluded_by_protocol
8567,M03-Session2-headMic-0333,/M03/Session2/wav_headMic/0333.wav,HEM,speaker_excluded_by_protocol
8568,M03-Session2-headMic-0334,/M03/Session2/wav_headMic/0334.wav,LEAGUE,speaker_excluded_by_protocol
8569,M03-Session2-headMic-0335,/M03/Session2/wav_headMic/0335.wav,SEED,speaker_excluded_by_protocol
8570,M03-Session2-headMic-0336,/M03/Session2/wav_headMic/0336.wav,SPAIN,speaker_excluded_by_protocol
8571,M03-Session2-headMic-0337,/M03/Session2/wav_headMic/0337.wav,FOXTROT,speaker_excluded_by_protocol
8572,M03-Session2-headMic-0338,/M03/Session2/wav_headMic/0338.wav,ALFALFA IS HEALTHY FOR YOU,speaker_excluded_by_protocol
8573,M03-Session2-headMic-0339,/M03/Session2/wav_headMic/0339.wav,THE JOB PROVIDES MANY BENEFITS,speaker_excluded_by_protocol
8574,M03-Session2-headMic-0340,/M03/Session2/wav_headMic/0340.wav,SEVEN,speaker_excluded_by_protocol
8575,M03-Session2-headMic-0341,/M03/Session2/wav_headMic/0341.wav,SEVEN,speaker_excluded_by_protocol
8576,M03-Session2-headMic-0342,/M03/Session2/wav_headMic/0342.wav,TAKE,speaker_excluded_by_protocol
8577,M03-Session2-headMic-0343,/M03/Session2/wav_headMic/0343.wav,SEEDS,speaker_excluded_by_protocol
8578,M03-Session2-headMic-0344,/M03/Session2/wav_headMic/0344.wav,IT ALSO PROVIDES FOR FUNDS TO CLEAR SLUMS AND HELP COLLEGES BUILD DORMITORIES,speaker_excluded_by_protocol
8579,M03-Session2-headMic-0345,/M03/Session2/wav_headMic/0345.wav,WRITTEN,speaker_excluded_by_protocol
8580,M03-Session2-headMic-0346,/M03/Session2/wav_headMic/0346.wav,NOTHING HAS BEEN DONE YET TO TAKE ADVANTAGE OF THE ENABLING LEGISLATION,speaker_excluded_by_protocol
8581,M03-Session2-headMic-0347,/M03/Session2/wav_headMic/0347.wav,EIGHT,speaker_excluded_by_protocol
8582,M03-Session2-headMic-0348,/M03/Session2/wav_headMic/0348.wav,SIX,speaker_excluded_by_protocol
8583,M03-Session2-headMic-0349,/M03/Session2/wav_headMic/0349.wav,LIMA,speaker_excluded_by_protocol
8584,M03-Session2-headMic-0350,/M03/Session2/wav_headMic/0350.wav,BIT,speaker_excluded_by_protocol
8585,M03-Session2-headMic-0351,/M03/Session2/wav_headMic/0351.wav,SHE WORE WARM FLEECY WOOLEN OVERALLS,speaker_excluded_by_protocol
8586,M03-Session2-headMic-0352,/M03/Session2/wav_headMic/0352.wav,HIM,speaker_excluded_by_protocol
8587,M03-Session2-headMic-0353,/M03/Session2/wav_headMic/0353.wav,SIGN,speaker_excluded_by_protocol
8588,M03-Session2-headMic-0354,/M03/Session2/wav_headMic/0354.wav,SIDE,speaker_excluded_by_protocol
8589,M03-Session2-headMic-0355,/M03/Session2/wav_headMic/0355.wav,I HAVE HAD MY BELL RUNG,speaker_excluded_by_protocol
8590,M03-Session2-headMic-0356,/M03/Session2/wav_headMic/0356.wav,GOLF,speaker_excluded_by_protocol
8591,M03-Session2-headMic-0357,/M03/Session2/wav_headMic/0357.wav,ZERO,speaker_excluded_by_protocol
8592,M03-Session2-headMic-0358,/M03/Session2/wav_headMic/0358.wav,WITCH,speaker_excluded_by_protocol
8593,M03-Session2-headMic-0359,/M03/Session2/wav_headMic/0359.wav,DARN,speaker_excluded_by_protocol
8594,M03-Session2-headMic-0360,/M03/Session2/wav_headMic/0360.wav,BLOAT,speaker_excluded_by_protocol
8595,M03-Session2-headMic-0361,/M03/Session2/wav_headMic/0361.wav,BOTH INJURIES WERE TO THE SAME LEG,speaker_excluded_by_protocol
8596,M03-Session2-headMic-0362,/M03/Session2/wav_headMic/0362.wav,HE FURTHER PROPOSED GRANTS OF AN UNSPECIFIED SUM FOR EXPERIMENTAL HOSPITALS,speaker_excluded_by_protocol
8597,M03-Session2-headMic-0363,/M03/Session2/wav_headMic/0363.wav,CAKE,speaker_excluded_by_protocol
8598,M03-Session2-headMic-0364,/M03/Session2/wav_headMic/0364.wav,FILL,speaker_excluded_by_protocol
8599,M03-Session2-headMic-0365,/M03/Session2/wav_headMic/0365.wav,LEAK,speaker_excluded_by_protocol
8600,M03-Session2-headMic-0367,/M03/Session2/wav_headMic/0367.wav,PAPA,speaker_excluded_by_protocol
8601,M03-Session2-headMic-0368,/M03/Session2/wav_headMic/0368.wav,ALUMINUM SILVERWARE CAN OFTEN BE FLIMSY,speaker_excluded_by_protocol
8602,M03-Session2-headMic-0369,/M03/Session2/wav_headMic/0369.wav,NINE,speaker_excluded_by_protocol
8603,M03-Session2-headMic-0370,/M03/Session2/wav_headMic/0370.wav,MUCH,speaker_excluded_by_protocol
8604,M03-Session2-headMic-0371,/M03/Session2/wav_headMic/0371.wav,HEART,speaker_excluded_by_protocol
8605,M03-Session2-headMic-0372,/M03/Session2/wav_headMic/0372.wav,THORN,speaker_excluded_by_protocol
8606,M03-Session2-headMic-0373,/M03/Session2/wav_headMic/0373.wav,CARL LIVES IN A LOVELY HOME,speaker_excluded_by_protocol
8607,M03-Session2-headMic-0374,/M03/Session2/wav_headMic/0374.wav,CARL LIVES IN A LIVELY HOME,speaker_excluded_by_protocol
8608,M03-Session2-headMic-0375,/M03/Session2/wav_headMic/0375.wav,AT,speaker_excluded_by_protocol
8609,M03-Session2-headMic-0376,/M03/Session2/wav_headMic/0376.wav,PRETTY,speaker_excluded_by_protocol
8610,M03-Session2-headMic-0377,/M03/Session2/wav_headMic/0377.wav,THERE IS A TREEHOUSE UP ABOVE,speaker_excluded_by_protocol
8611,M03-Session2-headMic-0378,/M03/Session2/wav_headMic/0378.wav,THE BOOKS ARE VERY EXPENSIVE,speaker_excluded_by_protocol
8612,M03-Session2-headMic-0379,/M03/Session2/wav_headMic/0379.wav,WHEN ALL ELSE FAILS USE FORCE,speaker_excluded_by_protocol
8613,M03-Session2-headMic-0380,/M03/Session2/wav_headMic/0380.wav,IF YOU ARE LOSING WATER REPLACE IT IMMEDIATELY,speaker_excluded_by_protocol
8614,M03-Session2-headMic-0381,/M03/Session2/wav_headMic/0381.wav,WE RODE HORSEBACK TO THE FARM,speaker_excluded_by_protocol
8615,M03-Session2-headMic-0382,/M03/Session2/wav_headMic/0382.wav,HITTING,speaker_excluded_by_protocol
8616,M03-Session2-headMic-0383,/M03/Session2/wav_headMic/0383.wav,KNITTING,speaker_excluded_by_protocol
8617,M03-Session2-headMic-0384,/M03/Session2/wav_headMic/0384.wav,FIVE,speaker_excluded_by_protocol
8618,M03-Session2-headMic-0385,/M03/Session2/wav_headMic/0385.wav,ECHO,speaker_excluded_by_protocol
8619,M03-Session2-headMic-0386,/M03/Session2/wav_headMic/0386.wav,START,speaker_excluded_by_protocol
8620,M03-Session2-headMic-0387,/M03/Session2/wav_headMic/0387.wav,QUEBEC,speaker_excluded_by_protocol
8621,M03-Session2-headMic-0388,/M03/Session2/wav_headMic/0388.wav,ONLY LAWYERS LOVE MILLIONAIRES,speaker_excluded_by_protocol
8622,M03-Session2-headMic-0389,/M03/Session2/wav_headMic/0389.wav,WIT,speaker_excluded_by_protocol
8623,M03-Session2-headMic-0390,/M03/Session2/wav_headMic/0390.wav,SIT,speaker_excluded_by_protocol
8624,M03-Session2-headMic-0391,/M03/Session2/wav_headMic/0391.wav,PEOPLE WHO VALUE THEMSELVES ARE LIFE'S WINNERS,speaker_excluded_by_protocol
8625,M03-Session2-headMic-0392,/M03/Session2/wav_headMic/0392.wav,SINK,speaker_excluded_by_protocol
8626,M03-Session2-headMic-0393,/M03/Session2/wav_headMic/0393.wav,MEAT,speaker_excluded_by_protocol
8627,M03-Session2-headMic-0394,/M03/Session2/wav_headMic/0394.wav,VICTOR,speaker_excluded_by_protocol
8628,M03-Session2-headMic-0395,/M03/Session2/wav_headMic/0395.wav,DRESS,speaker_excluded_by_protocol
8629,M03-Session2-headMic-0396,/M03/Session2/wav_headMic/0396.wav,SIN,speaker_excluded_by_protocol
8630,M03-Session2-headMic-0397,/M03/Session2/wav_headMic/0397.wav,DOWN,speaker_excluded_by_protocol
8631,M03-Session2-headMic-0398,/M03/Session2/wav_headMic/0398.wav,EACH ONE VOLUNTEERED TO JUMP FIRST,speaker_excluded_by_protocol
8632,M03-Session2-headMic-0399,/M03/Session2/wav_headMic/0399.wav,YANKEE,speaker_excluded_by_protocol
8633,M03-Session2-headMic-0400,/M03/Session2/wav_headMic/0400.wav,WE BOUGHT A BROWN CHAIR,speaker_excluded_by_protocol
8634,M03-Session2-headMic-0401,/M03/Session2/wav_headMic/0401.wav,SLICKER,speaker_excluded_by_protocol
8635,M03-Session2-headMic-0402,/M03/Session2/wav_headMic/0402.wav,RIGHT,speaker_excluded_by_protocol
8636,M03-Session2-headMic-0403,/M03/Session2/wav_headMic/0403.wav,SAND,speaker_excluded_by_protocol
8637,M03-Session2-headMic-0404,/M03/Session2/wav_headMic/0404.wav,THE WAIT FOR WORK CAN BE VERY LONG,speaker_excluded_by_protocol
8638,M03-Session2-headMic-0405,/M03/Session2/wav_headMic/0405.wav,WICKED,speaker_excluded_by_protocol
8639,M03-Session2-headMic-0406,/M03/Session2/wav_headMic/0406.wav,NOD,speaker_excluded_by_protocol
8640,M03-Session2-headMic-0407,/M03/Session2/wav_headMic/0407.wav,SAID,speaker_excluded_by_protocol
8641,M03-Session2-headMic-0408,/M03/Session2/wav_headMic/0408.wav,TREAD,speaker_excluded_by_protocol
8642,M03-Session2-headMic-0409,/M03/Session2/wav_headMic/0409.wav,UNIFORM,speaker_excluded_by_protocol
8643,M03-Session2-headMic-0410,/M03/Session2/wav_headMic/0410.wav,BEG THAT GUARD FOR ONE GALLON OF GAS,speaker_excluded_by_protocol
8644,M03-Session2-headMic-0411,/M03/Session2/wav_headMic/0411.wav,DREAD,speaker_excluded_by_protocol
8645,M03-Session2-headMic-0412,/M03/Session2/wav_headMic/0412.wav,NED,speaker_excluded_by_protocol
8646,M03-Session2-headMic-0413,/M03/Session2/wav_headMic/0413.wav,WALK,speaker_excluded_by_protocol
8647,M03-Session2-headMic-0414,/M03/Session2/wav_headMic/0414.wav,HAM,speaker_excluded_by_protocol
8648,M03-Session2-headMic-0415,/M03/Session2/wav_headMic/0415.wav,ALTHOUGH ALWAYS ALONE WE SURVIVE,speaker_excluded_by_protocol
8649,M03-Session2-headMic-0416,/M03/Session2/wav_headMic/0416.wav,TANGO,speaker_excluded_by_protocol
8650,M03-Session2-headMic-0417,/M03/Session2/wav_headMic/0417.wav,BREAD,speaker_excluded_by_protocol
8651,M03-Session2-headMic-0418,/M03/Session2/wav_headMic/0418.wav,LEFT,speaker_excluded_by_protocol
8652,M03-Session2-headMic-0419,/M03/Session2/wav_headMic/0419.wav,TIN,speaker_excluded_by_protocol
8653,M03-Session2-headMic-0420,/M03/Session2/wav_headMic/0420.wav,THE PROSPECT OF CUTTING BACK SPENDING IS AN UNPLEASANT ONE FOR ANY GOVERNOR,speaker_excluded_by_protocol
8654,M03-Session2-headMic-0421,/M03/Session2/wav_headMic/0421.wav,WE HAVE AN EXCELLENT TEAM,speaker_excluded_by_protocol
9532,M05-Session2-headMic-0001,/M05/Session2/wav_headMic/0001.wav,TODAY'S DATE FEBRUARY 13TH,numeric_transcript_requires_policy
