rotation,rvq_layer,probe,value
rotation_01,1,dysarthria,0.5900900900900902
rotation_01,1,phoneme_boundary,0.44064517689164034
rotation_01,1,phoneme_ctc,0.28646541564681355
rotation_01,2,dysarthria,0.5871762107213263
rotation_01,2,phoneme_boundary,0.3460478210717707
rotation_01,2,phoneme_ctc,0.8417187924938809
rotation_01,3,dysarthria,0.5775867770442663
rotation_01,3,phoneme_boundary,0.3504524574650553
rotation_01,3,phoneme_ctc,0.756595050312755
rotation_01,4,dysarthria,0.5325172283041644
rotation_01,4,phoneme_boundary,0.34873507025179357
rotation_01,4,phoneme_ctc,0.8432599039071706
rotation_01,5,dysarthria,0.5872873597560743
rotation_01,5,phoneme_boundary,0.33465354003998343
rotation_01,5,phoneme_ctc,0.7417278578551355
rotation_01,6,dysarthria,0.6057112905577691
rotation_01,6,phoneme_boundary,0.3379366368805849
rotation_01,6,phoneme_ctc,0.8384552624422084
rotation_01,7,dysarthria,0.5394762308871917
rotation_01,7,phoneme_boundary,0.3268633106913557
rotation_01,7,phoneme_ctc,0.8263076783609827
rotation_01,8,dysarthria,0.6380788221258964
rotation_01,8,phoneme_boundary,0.32219656516091794
rotation_01,8,phoneme_ctc,0.8055480010878433
rotation_02,1,dysarthria,0.7864650924467133
rotation_02,1,phoneme_boundary,0.3497425785956841
rotation_02,1,phoneme_ctc,0.5044048350747797
rotation_02,2,dysarthria,0.39014182748198095
rotation_02,2,phoneme_boundary,0.35744433124727115
rotation_02,2,phoneme_ctc,0.8575087072321246
rotation_02,3,dysarthria,0.4274447312310628
rotation_02,3,phoneme_boundary,0.3337576374745418
rotation_02,3,phoneme_ctc,0.8354845318582258
rotation_02,4,dysarthria,0.47675640076975756
rotation_02,4,phoneme_boundary,0.33825765804909846
rotation_02,4,phoneme_ctc,0.8573038311821348
rotation_02,5,dysarthria,0.32775659849226385
rotation_02,5,phoneme_boundary,0.30818195932308645
rotation_02,5,phoneme_ctc,0.7824216349108789
rotation_02,6,dysarthria,0.504711622863634
rotation_02,6,phoneme_boundary,0.30702689892167323
rotation_02,6,phoneme_ctc,0.8644744929317763
rotation_02,7,dysarthria,0.4584055971620023
rotation_02,7,phoneme_boundary,0.30745171314255537
rotation_02,7,phoneme_ctc,0.855459946732227
rotation_02,8,dysarthria,0.45961593827373753
rotation_02,8,phoneme_boundary,0.3197260669568267
rotation_02,8,phoneme_ctc,0.8374308543331285
rotation_03,1,dysarthria,0.7725650702138506
rotation_03,1,phoneme_boundary,0.3909106015287472
rotation_03,1,phoneme_ctc,0.3631475633694632
rotation_03,2,dysarthria,0.7928685343363164
rotation_03,2,phoneme_boundary,0.2765062495322207
rotation_03,2,phoneme_ctc,0.849534863873005
rotation_03,3,dysarthria,0.8163911679794399
rotation_03,3,phoneme_boundary,0.28333409204716165
rotation_03,3,phoneme_ctc,0.7891098404028335
rotation_03,4,dysarthria,0.8272716312341759
rotation_03,4,phoneme_boundary,0.27052666484047233
rotation_03,4,phoneme_ctc,0.8321242638900742
rotation_03,5,dysarthria,0.5857175123152005
rotation_03,5,phoneme_boundary,0.26924294305527585
rotation_03,5,phoneme_ctc,0.7550567551421012
rotation_03,6,dysarthria,0.6566503840397362
rotation_03,6,phoneme_boundary,0.27363349896982186
rotation_03,6,phoneme_ctc,0.8222241188017411
rotation_03,7,dysarthria,0.5896440067272375
rotation_03,7,phoneme_boundary,0.26373024114457133
rotation_03,7,phoneme_ctc,0.8332337629085943
rotation_03,8,dysarthria,0.6804579755399427
rotation_03,8,phoneme_boundary,0.2670423851308931
rotation_03,8,phoneme_ctc,0.8083127080310659
rotation_04,1,dysarthria,0.8917146819387145
rotation_04,1,phoneme_boundary,0.3892491233569064
rotation_04,1,phoneme_ctc,0.3509079324625677
rotation_04,2,dysarthria,0.6477695837036681
rotation_04,2,phoneme_boundary,0.26699831968351834
rotation_04,2,phoneme_ctc,0.8361739407454604
rotation_04,3,dysarthria,0.744034993763697
rotation_04,3,phoneme_boundary,0.28072280750715134
rotation_04,3,phoneme_ctc,0.8375278751194648
rotation_04,4,dysarthria,0.9007225758598258
rotation_04,4,phoneme_boundary,0.2722061487710569
rotation_04,4,phoneme_ctc,0.8431028990124243
rotation_04,5,dysarthria,0.8663659147869673
rotation_04,5,phoneme_boundary,0.2706367212146434
rotation_04,5,phoneme_ctc,0.7508760751831793
rotation_04,6,dysarthria,0.9064733943096046
rotation_04,6,phoneme_boundary,0.2734515477606573
rotation_04,6,phoneme_ctc,0.8583943931188277
rotation_04,7,dysarthria,0.8732287208749405
rotation_04,7,phoneme_boundary,0.26255513631290855
rotation_04,7,phoneme_ctc,0.827811404906021
rotation_04,8,dysarthria,0.8921728132981354
rotation_04,8,phoneme_boundary,0.2606982344532729
rotation_04,8,phoneme_ctc,0.8524211532335139
rotation_05,1,dysarthria,0.8629021300403629
rotation_05,1,phoneme_boundary,0.35026921194322075
rotation_05,1,phoneme_ctc,0.4500875656742557
rotation_05,2,dysarthria,0.28727450554227346
rotation_05,2,phoneme_boundary,0.272814819010933
rotation_05,2,phoneme_ctc,0.8168782837127846
rotation_05,3,dysarthria,0.3039509544255625
rotation_05,3,phoneme_boundary,0.2579515301609765
rotation_05,3,phoneme_ctc,0.8028677758318739
rotation_05,4,dysarthria,0.3589601151880265
rotation_05,4,phoneme_boundary,0.2525699030977516
rotation_05,4,phoneme_ctc,0.8132661996497373
rotation_05,5,dysarthria,0.2346093083905913
rotation_05,5,phoneme_boundary,0.2486750917244191
rotation_05,5,phoneme_ctc,0.7717819614711033
rotation_05,6,dysarthria,0.34271361669718525
rotation_05,6,phoneme_boundary,0.2434935145984786
rotation_05,6,phoneme_ctc,0.8565017513134852
rotation_05,7,dysarthria,0.29473240978567516
rotation_05,7,phoneme_boundary,0.25187797566566744
rotation_05,7,phoneme_ctc,0.8185201401050788
rotation_05,8,dysarthria,0.27824755564437836
rotation_05,8,phoneme_boundary,0.2425263157894737
rotation_05,8,phoneme_ctc,0.8186295971978984
rotation_06,1,dysarthria,0.501623950508175
rotation_06,1,phoneme_boundary,0.412187378154069
rotation_06,1,phoneme_ctc,0.49855010202985717
rotation_06,2,dysarthria,0.631455840779996
rotation_06,2,phoneme_boundary,0.3305346680813766
rotation_06,2,phoneme_ctc,0.840833422833208
rotation_06,3,dysarthria,0.5561333462187046
rotation_06,3,phoneme_boundary,0.3385224760501105
rotation_06,3,phoneme_ctc,0.8042100741058963
rotation_06,4,dysarthria,0.5866264895219833
rotation_06,4,phoneme_boundary,0.3318088268922936
rotation_06,4,phoneme_ctc,0.8512512082483085
rotation_06,5,dysarthria,0.6170449805661042
rotation_06,5,phoneme_boundary,0.3193782248056952
rotation_06,5,phoneme_ctc,0.789818494254108
rotation_06,6,dysarthria,0.4537259492423614
rotation_06,6,phoneme_boundary,0.31570255117562696
rotation_06,6,phoneme_ctc,0.8579099989260015
rotation_06,7,dysarthria,0.509792636479052
rotation_06,7,phoneme_boundary,0.30627021387584774
rotation_06,7,phoneme_ctc,0.8410482225324885
rotation_06,8,dysarthria,0.5184874446354352
rotation_06,8,phoneme_boundary,0.2804515522107244
rotation_06,8,phoneme_ctc,0.8271936419289013
rotation_07,1,dysarthria,0.6490350882435558
rotation_07,1,phoneme_boundary,0.3278297195146211
rotation_07,1,phoneme_ctc,0.4431793057705063
rotation_07,2,dysarthria,0.7600546508622281
rotation_07,2,phoneme_boundary,0.22500041233032606
rotation_07,2,phoneme_ctc,0.8359495909794384
rotation_07,3,dysarthria,0.7802031504037186
rotation_07,3,phoneme_boundary,0.23879684098800077
rotation_07,3,phoneme_ctc,0.7929471589652886
rotation_07,4,dysarthria,0.6604740045281765
rotation_07,4,phoneme_boundary,0.23130781417693055
rotation_07,4,phoneme_ctc,0.8138403714348883
rotation_07,5,dysarthria,0.6142522458882156
rotation_07,5,phoneme_boundary,0.2147877952940808
rotation_07,5,phoneme_ctc,0.7766968826000442
rotation_07,6,dysarthria,0.617677398533358
rotation_07,6,phoneme_boundary,0.22708257390338318
rotation_07,6,phoneme_ctc,0.8661286756577493
rotation_07,7,dysarthria,0.5792876519642318
rotation_07,7,phoneme_boundary,0.22472062080508545
rotation_07,7,phoneme_ctc,0.8508733141720097
rotation_07,8,dysarthria,0.7939768234653535
rotation_07,8,phoneme_boundary,0.21409097431482282
rotation_07,8,phoneme_ctc,0.8118505416758789
